p_milk_dairy, p_wheat, p_eggs, p_legumes_soy, p_seafood, p_nuts, p_one_allergy, p_two_allergy
0.45,0.65,0.25,0.15,0.14,0.1,0.15,0.5,0.25,
0.474093,0.67761,0.199891,0.137224,0.161849,0.108749,0.115682,0.553112,0.262954,
0.474093,0.67761,0.199891,0.137224,0.161849,0.108749,0.115682,0.553112,0.262954,
0.509528,0.658518,0.187854,0.143677,0.15624,0.10906,0.0927933,0.537631,0.285332,
0.509528,0.658518,0.187854,0.143677,0.15624,0.10906,0.0927933,0.537631,0.285332,
0.504246,0.653111,0.188896,0.138124,0.141099,0.0889365,0.107875,0.523887,0.280823,
0.46355,0.646103,0.183078,0.123963,0.137112,0.102338,0.0903332,0.534504,0.278633,
0.46355,0.646103,0.183078,0.123963,0.137112,0.102338,0.0903332,0.534504,0.278633,
0.446866,0.651477,0.180335,0.124868,0.141012,0.0877931,0.0978332,0.529829,0.272935,
0.446866,0.651477,0.180335,0.124868,0.141012,0.0877931,0.0978332,0.529829,0.272935,
0.446866,0.651477,0.180335,0.124868,0.141012,0.0877931,0.0978332,0.529829,0.272935,
0.446866,0.651477,0.180335,0.124868,0.141012,0.0877931,0.0978332,0.529829,0.272935,
0.461727,0.658232,0.198556,0.113036,0.134651,0.0870385,0.0950696,0.534628,0.273575,
0.457827,0.695397,0.214368,0.116854,0.145733,0.0977672,0.123809,0.534568,0.269332,
0.457837,0.680513,0.216749,0.133593,0.14281,0.0784759,0.0964766,0.567757,0.24528,
0.457837,0.680513,0.216749,0.133593,0.14281,0.0784759,0.0964766,0.567757,0.24528,
0.457837,0.680513,0.216749,0.133593,0.14281,0.0784759,0.0964766,0.567757,0.24528,
0.457837,0.680513,0.216749,0.133593,0.14281,0.0784759,0.0964766,0.567757,0.24528,
0.457837,0.680513,0.216749,0.133593,0.14281,0.0784759,0.0964766,0.567757,0.24528,
0.463724,0.663322,0.239204,0.121357,0.13282,0.0518425,0.107718,0.569224,0.250263,
0.463724,0.663322,0.239204,0.121357,0.13282,0.0518425,0.107718,0.569224,0.250263,
0.440971,0.66971,0.236446,0.128093,0.115364,0.0577253,0.100802,0.564968,0.271557,
0.487071,0.655683,0.230229,0.114812,0.105056,0.0782885,0.11889,0.519554,0.267391,
0.487071,0.655683,0.230229,0.114812,0.105056,0.0782885,0.11889,0.519554,0.267391,
0.487071,0.655683,0.230229,0.114812,0.105056,0.0782885,0.11889,0.519554,0.267391,
0.468527,0.640679,0.248747,0.122787,0.0924283,0.0849323,0.111049,0.497689,0.265673,
0.417741,0.652656,0.249309,0.140098,0.0650434,0.0862688,0.115848,0.505657,0.244721,
0.417741,0.652656,0.249309,0.140098,0.0650434,0.0862688,0.115848,0.505657,0.244721,
0.417741,0.652656,0.249309,0.140098,0.0650434,0.0862688,0.115848,0.505657,0.244721,
0.417741,0.652656,0.249309,0.140098,0.0650434,0.0862688,0.115848,0.505657,0.244721,
0.417741,0.652656,0.249309,0.140098,0.0650434,0.0862688,0.115848,0.505657,0.244721,
0.417741,0.652656,0.249309,0.140098,0.0650434,0.0862688,0.115848,0.505657,0.244721,
0.417741,0.652656,0.249309,0.140098,0.0650434,0.0862688,0.115848,0.505657,0.244721,
0.441693,0.626264,0.226934,0.127787,0.0693085,0.115015,0.123203,0.481871,0.253398,
0.441693,0.626264,0.226934,0.127787,0.0693085,0.115015,0.123203,0.481871,0.253398,
0.441693,0.626264,0.226934,0.127787,0.0693085,0.115015,0.123203,0.481871,0.253398,
0.441693,0.626264,0.226934,0.127787,0.0693085,0.115015,0.123203,0.481871,0.253398,
0.437752,0.669889,0.246159,0.0981335,0.0635807,0.123217,0.148997,0.463282,0.262629,
0.458898,0.69974,0.25004,0.0846901,0.0760921,0.113559,0.143552,0.495224,0.226262,
0.458898,0.69974,0.25004,0.0846901,0.0760921,0.113559,0.143552,0.495224,0.226262,
0.46662,0.705557,0.247535,0.0958598,0.0674983,0.113989,0.140915,0.446308,0.249714,
0.452681,0.688649,0.221083,0.079028,0.0782837,0.139714,0.136265,0.457994,0.223788,
0.452681,0.688649,0.221083,0.079028,0.0782837,0.139714,0.136265,0.457994,0.223788,
0.452681,0.688649,0.221083,0.079028,0.0782837,0.139714,0.136265,0.457994,0.223788,
0.417034,0.626814,0.213073,0.0751068,0.0924381,0.153233,0.146235,0.475614,0.246398,
0.417034,0.626814,0.213073,0.0751068,0.0924381,0.153233,0.146235,0.475614,0.246398,
0.417034,0.626814,0.213073,0.0751068,0.0924381,0.153233,0.146235,0.475614,0.246398,
0.407177,0.617752,0.242455,0.0577152,0.088831,0.14889,0.150286,0.482539,0.259026,
0.407177,0.617752,0.242455,0.0577152,0.088831,0.14889,0.150286,0.482539,0.259026,
0.407177,0.617752,0.242455,0.0577152,0.088831,0.14889,0.150286,0.482539,0.259026,
0.422863,0.627943,0.293738,0.0580243,0.0956113,0.164264,0.145007,0.491901,0.249295,
0.383469,0.602703,0.302709,0.0636858,0.110058,0.147992,0.165933,0.499213,0.218681,
0.383469,0.602703,0.302709,0.0636858,0.110058,0.147992,0.165933,0.499213,0.218681,
0.383469,0.602703,0.302709,0.0636858,0.110058,0.147992,0.165933,0.499213,0.218681,
0.383469,0.602703,0.302709,0.0636858,0.110058,0.147992,0.165933,0.499213,0.218681,
0.383469,0.602703,0.302709,0.0636858,0.110058,0.147992,0.165933,0.499213,0.218681,
0.38249,0.603998,0.343347,0.0610038,0.0966409,0.12255,0.163994,0.516265,0.227113,
0.370617,0.640127,0.333269,0.0846777,0.079075,0.118434,0.168855,0.499588,0.185754,
0.370617,0.640127,0.333269,0.0846777,0.079075,0.118434,0.168855,0.499588,0.185754,
0.357423,0.650279,0.308001,0.0992795,0.0603672,0.131233,0.180926,0.508611,0.219573,
0.357423,0.650279,0.308001,0.0992795,0.0603672,0.131233,0.180926,0.508611,0.219573,
0.372142,0.647603,0.256249,0.12648,0.0667248,0.146707,0.161258,0.515103,0.237485,
0.388278,0.667871,0.260792,0.140969,0.0742233,0.14141,0.161187,0.508195,0.232196,
0.378245,0.661712,0.244489,0.137211,0.0738068,0.135548,0.178184,0.530958,0.219663,
0.378245,0.661712,0.244489,0.137211,0.0738068,0.135548,0.178184,0.530958,0.219663,
0.378245,0.661712,0.244489,0.137211,0.0738068,0.135548,0.178184,0.530958,0.219663,
0.388279,0.673106,0.238751,0.138314,0.0957986,0.136207,0.193887,0.550611,0.248403,
0.388279,0.673106,0.238751,0.138314,0.0957986,0.136207,0.193887,0.550611,0.248403,
0.388279,0.673106,0.238751,0.138314,0.0957986,0.136207,0.193887,0.550611,0.248403,
0.388279,0.673106,0.238751,0.138314,0.0957986,0.136207,0.193887,0.550611,0.248403,
0.388279,0.673106,0.238751,0.138314,0.0957986,0.136207,0.193887,0.550611,0.248403,
0.388279,0.673106,0.238751,0.138314,0.0957986,0.136207,0.193887,0.550611,0.248403,
0.388279,0.673106,0.238751,0.138314,0.0957986,0.136207,0.193887,0.550611,0.248403,
0.41249,0.657378,0.244904,0.131804,0.11021,0.122648,0.206001,0.542754,0.248216,
0.433042,0.655843,0.223775,0.115517,0.120356,0.111211,0.21447,0.523889,0.255777,
0.433042,0.655843,0.223775,0.115517,0.120356,0.111211,0.21447,0.523889,0.255777,
0.451191,0.680339,0.234635,0.110996,0.126654,0.114923,0.213223,0.505397,0.260764,
0.441418,0.705667,0.243085,0.109931,0.150597,0.12858,0.199482,0.508089,0.280624,
0.441418,0.705667,0.243085,0.109931,0.150597,0.12858,0.199482,0.508089,0.280624,
0.441418,0.705667,0.243085,0.109931,0.150597,0.12858,0.199482,0.508089,0.280624,
0.427329,0.707337,0.241424,0.11781,0.146608,0.133778,0.216722,0.495448,0.274382,
0.415813,0.693011,0.253314,0.118346,0.153133,0.155173,0.205931,0.510332,0.273268,
0.413556,0.678749,0.278598,0.154433,0.146441,0.146094,0.224764,0.506505,0.272546,
0.413556,0.678749,0.278598,0.154433,0.146441,0.146094,0.224764,0.506505,0.272546,
0.413556,0.678749,0.278598,0.154433,0.146441,0.146094,0.224764,0.506505,0.272546,
0.413556,0.678749,0.278598,0.154433,0.146441,0.146094,0.224764,0.506505,0.272546,
0.419055,0.699008,0.284033,0.166115,0.141317,0.14515,0.203432,0.508676,0.258291,
0.419055,0.699008,0.284033,0.166115,0.141317,0.14515,0.203432,0.508676,0.258291,
0.419055,0.699008,0.284033,0.166115,0.141317,0.14515,0.203432,0.508676,0.258291,
0.419055,0.699008,0.284033,0.166115,0.141317,0.14515,0.203432,0.508676,0.258291,
0.419055,0.699008,0.284033,0.166115,0.141317,0.14515,0.203432,0.508676,0.258291,
0.457592,0.709497,0.261223,0.177727,0.123347,0.162778,0.207354,0.485961,0.265214,
0.45748,0.703988,0.251671,0.148993,0.145282,0.153235,0.203006,0.527076,0.302036,
0.459672,0.704274,0.249834,0.179221,0.152155,0.140353,0.211137,0.486765,0.328078,
0.459672,0.704274,0.249834,0.179221,0.152155,0.140353,0.211137,0.486765,0.328078,
0.459672,0.704274,0.249834,0.179221,0.152155,0.140353,0.211137,0.486765,0.328078,
0.449461,0.690239,0.223135,0.166436,0.143622,0.152101,0.186813,0.487468,0.328645,
0.480965,0.720105,0.214578,0.164948,0.153117,0.124352,0.175721,0.483748,0.302505,
0.480965,0.720105,0.214578,0.164948,0.153117,0.124352,0.175721,0.483748,0.302505,
0.475001,0.706307,0.221406,0.142202,0.141448,0.131365,0.188885,0.464831,0.307349,
0.485487,0.676322,0.229875,0.136201,0.165543,0.11009,0.204223,0.507305,0.323259,
0.485487,0.676322,0.229875,0.136201,0.165543,0.11009,0.204223,0.507305,0.323259,
0.434848,0.696837,0.255183,0.13014,0.158316,0.11766,0.19325,0.507582,0.32344,
0.407033,0.699804,0.260564,0.134054,0.146936,0.111244,0.171227,0.500712,0.333688,
0.394538,0.711163,0.286277,0.135022,0.155506,0.114059,0.184633,0.496071,0.305272,
0.394538,0.711163,0.286277,0.135022,0.155506,0.114059,0.184633,0.496071,0.305272,
0.394538,0.711163,0.286277,0.135022,0.155506,0.114059,0.184633,0.496071,0.305272,
0.408652,0.712019,0.239304,0.131817,0.166698,0.108651,0.187336,0.487762,0.302456,
0.421506,0.697581,0.271403,0.132299,0.154818,0.0950911,0.190168,0.518008,0.286293,
0.450919,0.703932,0.262789,0.168988,0.146337,0.0888596,0.193828,0.533449,0.288395,
0.450919,0.703932,0.262789,0.168988,0.146337,0.0888596,0.193828,0.533449,0.288395,
0.4376,0.687692,0.239369,0.165434,0.137494,0.0874493,0.192264,0.536555,0.308101,
0.4376,0.687692,0.239369,0.165434,0.137494,0.0874493,0.192264,0.536555,0.308101,
0.412792,0.674211,0.199903,0.158887,0.136288,0.0903192,0.180792,0.511451,0.316853,
0.445775,0.704176,0.204341,0.179914,0.117414,0.115165,0.18579,0.470738,0.310943,
0.463201,0.700153,0.19256,0.159307,0.0854905,0.0997751,0.211534,0.510627,0.276945,
0.459845,0.66822,0.200635,0.158151,0.0789926,0.113036,0.182174,0.521842,0.286623,
0.443501,0.649878,0.203871,0.166114,0.0954671,0.105808,0.170548,0.52428,0.289061,
0.422551,0.685537,0.204568,0.146333,0.0980703,0.125289,0.175851,0.511584,0.292372,
0.422551,0.685537,0.204568,0.146333,0.0980703,0.125289,0.175851,0.511584,0.292372,
0.432452,0.667411,0.230648,0.15505,0.0885064,0.115913,0.183647,0.505171,0.245815,
0.432452,0.667411,0.230648,0.15505,0.0885064,0.115913,0.183647,0.505171,0.245815,
0.432452,0.667411,0.230648,0.15505,0.0885064,0.115913,0.183647,0.505171,0.245815,
0.432452,0.667411,0.230648,0.15505,0.0885064,0.115913,0.183647,0.505171,0.245815,
0.432452,0.667411,0.230648,0.15505,0.0885064,0.115913,0.183647,0.505171,0.245815,
0.432452,0.667411,0.230648,0.15505,0.0885064,0.115913,0.183647,0.505171,0.245815,
0.432452,0.667411,0.230648,0.15505,0.0885064,0.115913,0.183647,0.505171,0.245815,
0.460172,0.666164,0.226956,0.162532,0.0771785,0.110379,0.168552,0.497156,0.251561,
0.460172,0.666164,0.226956,0.162532,0.0771785,0.110379,0.168552,0.497156,0.251561,
0.460172,0.666164,0.226956,0.162532,0.0771785,0.110379,0.168552,0.497156,0.251561,
0.460172,0.666164,0.226956,0.162532,0.0771785,0.110379,0.168552,0.497156,0.251561,
0.458089,0.643364,0.22745,0.171837,0.100663,0.0992212,0.167388,0.49706,0.250339,
0.458089,0.643364,0.22745,0.171837,0.100663,0.0992212,0.167388,0.49706,0.250339,
0.458089,0.643364,0.22745,0.171837,0.100663,0.0992212,0.167388,0.49706,0.250339,
0.458089,0.643364,0.22745,0.171837,0.100663,0.0992212,0.167388,0.49706,0.250339,
0.462568,0.633468,0.268087,0.153013,0.102887,0.10335,0.190639,0.51038,0.285244,
0.462568,0.633468,0.268087,0.153013,0.102887,0.10335,0.190639,0.51038,0.285244,
0.462568,0.633468,0.268087,0.153013,0.102887,0.10335,0.190639,0.51038,0.285244,
0.436058,0.604377,0.288806,0.151359,0.103697,0.111322,0.183769,0.544876,0.276457,
0.436058,0.604377,0.288806,0.151359,0.103697,0.111322,0.183769,0.544876,0.276457,
0.435696,0.607516,0.303663,0.15203,0.102347,0.127742,0.204348,0.537535,0.233878,
0.435696,0.607516,0.303663,0.15203,0.102347,0.127742,0.204348,0.537535,0.233878,
0.435696,0.607516,0.303663,0.15203,0.102347,0.127742,0.204348,0.537535,0.233878,
0.435696,0.607516,0.303663,0.15203,0.102347,0.127742,0.204348,0.537535,0.233878,
0.443371,0.611938,0.300337,0.155616,0.105712,0.125814,0.202825,0.56162,0.233757,
0.443371,0.611938,0.300337,0.155616,0.105712,0.125814,0.202825,0.56162,0.233757,
0.437683,0.646583,0.295274,0.154827,0.0943344,0.118397,0.205807,0.547957,0.239478,
0.453425,0.650961,0.302168,0.176821,0.100748,0.0942698,0.171277,0.539382,0.217426,
0.453425,0.650961,0.302168,0.176821,0.100748,0.0942698,0.171277,0.539382,0.217426,
0.453425,0.650961,0.302168,0.176821,0.100748,0.0942698,0.171277,0.539382,0.217426,
0.453425,0.650961,0.302168,0.176821,0.100748,0.0942698,0.171277,0.539382,0.217426,
0.433341,0.630378,0.295923,0.195984,0.104394,0.0975826,0.149092,0.550033,0.250322,
0.412883,0.624636,0.306205,0.188104,0.114263,0.10273,0.161357,0.550854,0.237726,
0.412883,0.624636,0.306205,0.188104,0.114263,0.10273,0.161357,0.550854,0.237726,
0.412883,0.624636,0.306205,0.188104,0.114263,0.10273,0.161357,0.550854,0.237726,
0.412883,0.624636,0.306205,0.188104,0.114263,0.10273,0.161357,0.550854,0.237726,
0.405178,0.639226,0.348894,0.185926,0.163573,0.0936061,0.135651,0.527085,0.247334,
0.425174,0.648524,0.338306,0.179548,0.168083,0.090801,0.136437,0.523939,0.240867,
0.425174,0.648524,0.338306,0.179548,0.168083,0.090801,0.136437,0.523939,0.240867,
0.460581,0.646503,0.330432,0.185946,0.146959,0.0885724,0.112992,0.511849,0.258598,
0.453599,0.682881,0.332723,0.186903,0.136713,0.104348,0.123786,0.536896,0.263499,
0.449727,0.694874,0.352466,0.192169,0.115996,0.0950713,0.12481,0.523654,0.250618,
0.433901,0.708154,0.374081,0.16582,0.112989,0.0877828,0.136533,0.547172,0.217849,
0.433901,0.708154,0.374081,0.16582,0.112989,0.0877828,0.136533,0.547172,0.217849,
0.412022,0.63074,0.319952,0.170275,0.123885,0.109844,0.148074,0.557158,0.231818,
0.412022,0.63074,0.319952,0.170275,0.123885,0.109844,0.148074,0.557158,0.231818,
0.412022,0.63074,0.319952,0.170275,0.123885,0.109844,0.148074,0.557158,0.231818,
0.399647,0.609665,0.291168,0.165785,0.120674,0.122093,0.121301,0.511024,0.233963,
0.399647,0.609665,0.291168,0.165785,0.120674,0.122093,0.121301,0.511024,0.233963,
0.399647,0.609665,0.291168,0.165785,0.120674,0.122093,0.121301,0.511024,0.233963,
0.41479,0.593466,0.294572,0.157689,0.13157,0.128422,0.123813,0.506892,0.2237,
0.430058,0.614249,0.311839,0.144289,0.138363,0.128,0.135683,0.511555,0.227947,
0.430058,0.614249,0.311839,0.144289,0.138363,0.128,0.135683,0.511555,0.227947,
0.408817,0.609715,0.320285,0.137479,0.131284,0.116217,0.160412,0.496542,0.233265,
0.373918,0.605818,0.318467,0.1072,0.137884,0.0887531,0.156817,0.513151,0.228679,
0.373918,0.605818,0.318467,0.1072,0.137884,0.0887531,0.156817,0.513151,0.228679,
0.373918,0.605818,0.318467,0.1072,0.137884,0.0887531,0.156817,0.513151,0.228679,
0.373896,0.610142,0.25988,0.115487,0.131773,0.0887945,0.171298,0.512076,0.237463,
0.373896,0.610142,0.25988,0.115487,0.131773,0.0887945,0.171298,0.512076,0.237463,
0.373896,0.610142,0.25988,0.115487,0.131773,0.0887945,0.171298,0.512076,0.237463,
0.373896,0.610142,0.25988,0.115487,0.131773,0.0887945,0.171298,0.512076,0.237463,
0.373896,0.610142,0.25988,0.115487,0.131773,0.0887945,0.171298,0.512076,0.237463,
0.406676,0.635084,0.257321,0.109531,0.136823,0.0961012,0.132588,0.562954,0.23703,
0.406676,0.635084,0.257321,0.109531,0.136823,0.0961012,0.132588,0.562954,0.23703,
0.406676,0.635084,0.257321,0.109531,0.136823,0.0961012,0.132588,0.562954,0.23703,
0.406676,0.635084,0.257321,0.109531,0.136823,0.0961012,0.132588,0.562954,0.23703,
0.406676,0.635084,0.257321,0.109531,0.136823,0.0961012,0.132588,0.562954,0.23703,
0.437347,0.632861,0.277262,0.125861,0.147232,0.103886,0.137819,0.556226,0.226772,
0.479345,0.634084,0.261118,0.139704,0.126706,0.102615,0.142632,0.545817,0.239709,
0.479345,0.634084,0.261118,0.139704,0.126706,0.102615,0.142632,0.545817,0.239709,
0.479345,0.634084,0.261118,0.139704,0.126706,0.102615,0.142632,0.545817,0.239709,
0.479345,0.634084,0.261118,0.139704,0.126706,0.102615,0.142632,0.545817,0.239709,
0.451143,0.637486,0.237938,0.145979,0.149849,0.131741,0.111242,0.536622,0.21323,
0.408274,0.644106,0.270182,0.16631,0.140873,0.11935,0.116067,0.535086,0.212475,
0.408274,0.644106,0.270182,0.16631,0.140873,0.11935,0.116067,0.535086,0.212475,
0.408274,0.644106,0.270182,0.16631,0.140873,0.11935,0.116067,0.535086,0.212475,
0.408274,0.644106,0.270182,0.16631,0.140873,0.11935,0.116067,0.535086,0.212475,
0.408274,0.644106,0.270182,0.16631,0.140873,0.11935,0.116067,0.535086,0.212475,
0.432372,0.659182,0.286499,0.181316,0.124791,0.104885,0.13829,0.50102,0.228963,
0.432372,0.659182,0.286499,0.181316,0.124791,0.104885,0.13829,0.50102,0.228963,
0.432372,0.659182,0.286499,0.181316,0.124791,0.104885,0.13829,0.50102,0.228963,
0.432372,0.659182,0.286499,0.181316,0.124791,0.104885,0.13829,0.50102,0.228963,
0.432372,0.659182,0.286499,0.181316,0.124791,0.104885,0.13829,0.50102,0.228963,
0.432372,0.659182,0.286499,0.181316,0.124791,0.104885,0.13829,0.50102,0.228963,
0.432372,0.659182,0.286499,0.181316,0.124791,0.104885,0.13829,0.50102,0.228963,
0.432372,0.659182,0.286499,0.181316,0.124791,0.104885,0.13829,0.50102,0.228963,
0.439733,0.64941,0.276312,0.192343,0.112741,0.096324,0.123402,0.505707,0.235318,
0.439733,0.64941,0.276312,0.192343,0.112741,0.096324,0.123402,0.505707,0.235318,
0.439733,0.64941,0.276312,0.192343,0.112741,0.096324,0.123402,0.505707,0.235318,
0.443481,0.69458,0.250956,0.177352,0.116846,0.11371,0.139079,0.497968,0.255542,
0.465155,0.661006,0.232924,0.181244,0.13826,0.0932165,0.172138,0.491471,0.229116,
0.482971,0.660315,0.242468,0.171456,0.174317,0.0632163,0.153581,0.451194,0.244648,
0.461337,0.651508,0.2371,0.166847,0.174919,0.057506,0.131704,0.448554,0.218682,
0.461411,0.631131,0.238128,0.15164,0.1715,0.0714591,0.0992995,0.491063,0.205774,
0.461411,0.631131,0.238128,0.15164,0.1715,0.0714591,0.0992995,0.491063,0.205774,
0.461411,0.631131,0.238128,0.15164,0.1715,0.0714591,0.0992995,0.491063,0.205774,
0.471066,0.669357,0.233181,0.165433,0.150255,0.0822347,0.104359,0.496755,0.189777,
0.471247,0.63471,0.258491,0.194623,0.110338,0.0842366,0.104461,0.46571,0.18907,
0.471247,0.63471,0.258491,0.194623,0.110338,0.0842366,0.104461,0.46571,0.18907,
0.453371,0.647072,0.263729,0.202234,0.0946629,0.0938842,0.115021,0.471916,0.157238,
0.453371,0.647072,0.263729,0.202234,0.0946629,0.0938842,0.115021,0.471916,0.157238,
0.453371,0.647072,0.263729,0.202234,0.0946629,0.0938842,0.115021,0.471916,0.157238,
0.463932,0.642765,0.261105,0.194727,0.106914,0.102881,0.104421,0.463472,0.170331,
0.463932,0.642765,0.261105,0.194727,0.106914,0.102881,0.104421,0.463472,0.170331,
0.477744,0.675443,0.264553,0.194292,0.114613,0.134179,0.122482,0.4637,0.183853,
0.490635,0.667198,0.272356,0.197279,0.092584,0.130126,0.13586,0.46577,0.207947,
0.490635,0.667198,0.272356,0.197279,0.092584,0.130126,0.13586,0.46577,0.207947,
0.490635,0.667198,0.272356,0.197279,0.092584,0.130126,0.13586,0.46577,0.207947,
0.483199,0.648694,0.273666,0.180561,0.0902556,0.139606,0.158266,0.461485,0.209195,
0.454847,0.636032,0.273996,0.183747,0.0995046,0.155659,0.151476,0.453439,0.225003,
0.423522,0.62618,0.268034,0.186919,0.098996,0.152297,0.160508,0.462647,0.281,
0.410343,0.635809,0.295426,0.186471,0.0978599,0.162319,0.156344,0.464584,0.266406,
0.396929,0.650293,0.268963,0.196134,0.107891,0.174434,0.147672,0.457613,0.26179,
0.413713,0.651027,0.252354,0.194348,0.130717,0.14852,0.139474,0.443274,0.257261,
0.413713,0.651027,0.252354,0.194348,0.130717,0.14852,0.139474,0.443274,0.257261,
0.413713,0.651027,0.252354,0.194348,0.130717,0.14852,0.139474,0.443274,0.257261,
0.413713,0.651027,0.252354,0.194348,0.130717,0.14852,0.139474,0.443274,0.257261,
0.413713,0.651027,0.252354,0.194348,0.130717,0.14852,0.139474,0.443274,0.257261,
0.440675,0.635266,0.226733,0.212222,0.104598,0.143807,0.126113,0.453009,0.264465,
0.440675,0.635266,0.226733,0.212222,0.104598,0.143807,0.126113,0.453009,0.264465,
0.422106,0.657097,0.241984,0.200057,0.118228,0.136085,0.136735,0.42179,0.214559,
0.370903,0.650847,0.235875,0.17313,0.138975,0.13276,0.128616,0.430062,0.213334,
0.386558,0.659742,0.256385,0.194593,0.158118,0.138845,0.162461,0.446649,0.233185,
0.381656,0.664952,0.23878,0.180539,0.155254,0.12938,0.153709,0.436106,0.287579,
0.425475,0.653925,0.261696,0.219292,0.17005,0.135463,0.136575,0.441112,0.256254,
0.432022,0.639155,0.289073,0.200511,0.170168,0.114317,0.152457,0.455373,0.291371,
0.432022,0.639155,0.289073,0.200511,0.170168,0.114317,0.152457,0.455373,0.291371,
0.432022,0.639155,0.289073,0.200511,0.170168,0.114317,0.152457,0.455373,0.291371,
0.432022,0.639155,0.289073,0.200511,0.170168,0.114317,0.152457,0.455373,0.291371,
0.438866,0.655936,0.280213,0.212713,0.157235,0.0854145,0.14195,0.458905,0.318068,
0.438866,0.655936,0.280213,0.212713,0.157235,0.0854145,0.14195,0.458905,0.318068,
0.442199,0.645506,0.287855,0.224173,0.173272,0.0916905,0.136774,0.47466,0.296757,
0.445617,0.645156,0.288592,0.231235,0.16022,0.111312,0.146828,0.521843,0.280654,
0.445617,0.645156,0.288592,0.231235,0.16022,0.111312,0.146828,0.521843,0.280654,
0.445617,0.645156,0.288592,0.231235,0.16022,0.111312,0.146828,0.521843,0.280654,
0.446017,0.63987,0.290452,0.193287,0.174553,0.111511,0.139354,0.52292,0.287314,
0.467003,0.623004,0.288319,0.189092,0.134706,0.135417,0.151557,0.527362,0.286086,
0.467003,0.623004,0.288319,0.189092,0.134706,0.135417,0.151557,0.527362,0.286086,
0.452644,0.63706,0.241937,0.172365,0.143112,0.13323,0.164025,0.555846,0.276384,
0.452644,0.63706,0.241937,0.172365,0.143112,0.13323,0.164025,0.555846,0.276384,
0.420893,0.613321,0.217997,0.162515,0.138506,0.108054,0.176125,0.568597,0.276938,
0.420893,0.613321,0.217997,0.162515,0.138506,0.108054,0.176125,0.568597,0.276938,
0.454496,0.613919,0.210205,0.153991,0.123702,0.0953164,0.178958,0.552745,0.261607,
0.454496,0.613919,0.210205,0.153991,0.123702,0.0953164,0.178958,0.552745,0.261607,
0.425913,0.615372,0.213182,0.151093,0.152435,0.0983624,0.163342,0.539654,0.245499,
0.430545,0.607778,0.216902,0.135179,0.126722,0.111205,0.145836,0.549528,0.220852,
0.455197,0.605618,0.216719,0.146109,0.12071,0.111361,0.151031,0.511825,0.224866,
0.455197,0.605618,0.216719,0.146109,0.12071,0.111361,0.151031,0.511825,0.224866,
0.455197,0.605618,0.216719,0.146109,0.12071,0.111361,0.151031,0.511825,0.224866,
0.455197,0.605618,0.216719,0.146109,0.12071,0.111361,0.151031,0.511825,0.224866,
0.455197,0.605618,0.216719,0.146109,0.12071,0.111361,0.151031,0.511825,0.224866,
0.455197,0.605618,0.216719,0.146109,0.12071,0.111361,0.151031,0.511825,0.224866,
0.442967,0.575604,0.216234,0.132943,0.1066,0.115044,0.148691,0.499649,0.241807,
0.442967,0.575604,0.216234,0.132943,0.1066,0.115044,0.148691,0.499649,0.241807,
0.456501,0.572655,0.256454,0.133793,0.112123,0.109221,0.107991,0.503696,0.21753,
0.456501,0.572655,0.256454,0.133793,0.112123,0.109221,0.107991,0.503696,0.21753,
0.463042,0.580035,0.245586,0.157703,0.13566,0.0896776,0.128609,0.498269,0.205924,
0.449951,0.588317,0.249405,0.133907,0.147706,0.106381,0.127599,0.532371,0.247321,
0.475904,0.55969,0.259757,0.125835,0.144549,0.117423,0.135856,0.538161,0.233147,
0.496846,0.598962,0.269315,0.115084,0.111833,0.111337,0.138209,0.54322,0.208338,
0.49895,0.640647,0.282123,0.101997,0.105998,0.0934353,0.140492,0.542982,0.24671,
0.49895,0.640647,0.282123,0.101997,0.105998,0.0934353,0.140492,0.542982,0.24671,
0.49895,0.640647,0.282123,0.101997,0.105998,0.0934353,0.140492,0.542982,0.24671,
0.466225,0.635214,0.280149,0.0888722,0.107505,0.0882599,0.140748,0.5278,0.244799,
0.493403,0.664014,0.271988,0.110067,0.11637,0.0926402,0.158831,0.480472,0.261063,
0.441158,0.701859,0.254668,0.101106,0.131543,0.117752,0.156495,0.477149,0.266902,
0.463294,0.696345,0.266264,0.139641,0.127985,0.111861,0.130545,0.508194,0.276552,
0.463294,0.696345,0.266264,0.139641,0.127985,0.111861,0.130545,0.508194,0.276552,
0.479431,0.646952,0.250761,0.139218,0.119586,0.112042,0.118708,0.503882,0.285859,
0.475472,0.63808,0.261849,0.115873,0.138657,0.0923916,0.109429,0.513831,0.261608,
0.453605,0.627475,0.23736,0.117409,0.136424,0.0816126,0.102543,0.559286,0.259705,
0.45087,0.619139,0.204289,0.123638,0.15429,0.0921048,0.117169,0.542285,0.278154,
0.45087,0.619139,0.204289,0.123638,0.15429,0.0921048,0.117169,0.542285,0.278154,
0.474491,0.612195,0.22527,0.112956,0.157642,0.0877339,0.128754,0.552096,0.267079,
0.474491,0.612195,0.22527,0.112956,0.157642,0.0877339,0.128754,0.552096,0.267079,
0.462993,0.609226,0.254015,0.10714,0.119602,0.0837257,0.124946,0.504072,0.292038,
0.462993,0.609226,0.254015,0.10714,0.119602,0.0837257,0.124946,0.504072,0.292038,
0.458479,0.621286,0.2368,0.107569,0.0967405,0.0850321,0.154657,0.51574,0.312061,
0.458479,0.621286,0.2368,0.107569,0.0967405,0.0850321,0.154657,0.51574,0.312061,
0.482113,0.656946,0.253456,0.0894909,0.0985148,0.062675,0.156177,0.503553,0.301491,
0.453816,0.667536,0.265363,0.112185,0.10028,0.0741168,0.173783,0.493368,0.309239,
0.453816,0.667536,0.265363,0.112185,0.10028,0.0741168,0.173783,0.493368,0.309239,
0.453816,0.667536,0.265363,0.112185,0.10028,0.0741168,0.173783,0.493368,0.309239,
0.453816,0.667536,0.265363,0.112185,0.10028,0.0741168,0.173783,0.493368,0.309239,
0.453816,0.667536,0.265363,0.112185,0.10028,0.0741168,0.173783,0.493368,0.309239,
0.453816,0.667536,0.265363,0.112185,0.10028,0.0741168,0.173783,0.493368,0.309239,
0.422298,0.666521,0.239884,0.123363,0.0777145,0.0705307,0.172593,0.516134,0.30174,
0.444674,0.653547,0.253696,0.107975,0.10065,0.063211,0.178741,0.507958,0.299464,
0.444674,0.653547,0.253696,0.107975,0.10065,0.063211,0.178741,0.507958,0.299464,
0.444674,0.653547,0.253696,0.107975,0.10065,0.063211,0.178741,0.507958,0.299464,
0.431799,0.676936,0.260038,0.122059,0.117981,0.0821556,0.192203,0.504484,0.278941,
0.431799,0.676936,0.260038,0.122059,0.117981,0.0821556,0.192203,0.504484,0.278941,
0.449327,0.660214,0.234749,0.11824,0.136823,0.0913923,0.165825,0.523119,0.264159,
0.449327,0.660214,0.234749,0.11824,0.136823,0.0913923,0.165825,0.523119,0.264159,
0.449327,0.660214,0.234749,0.11824,0.136823,0.0913923,0.165825,0.523119,0.264159,
0.449327,0.660214,0.234749,0.11824,0.136823,0.0913923,0.165825,0.523119,0.264159,
0.463551,0.672286,0.260725,0.125829,0.123318,0.102132,0.1614,0.488251,0.28699,
0.473302,0.670434,0.258689,0.12485,0.130874,0.0917401,0.188086,0.474574,0.288164,
0.473302,0.670434,0.258689,0.12485,0.130874,0.0917401,0.188086,0.474574,0.288164,
0.473302,0.670434,0.258689,0.12485,0.130874,0.0917401,0.188086,0.474574,0.288164,
0.498723,0.666552,0.25403,0.116255,0.107473,0.0760888,0.18561,0.485915,0.286535,
0.498723,0.666552,0.25403,0.116255,0.107473,0.0760888,0.18561,0.485915,0.286535,
0.498723,0.666552,0.25403,0.116255,0.107473,0.0760888,0.18561,0.485915,0.286535,
0.47293,0.646433,0.259639,0.127178,0.0941174,0.081323,0.167649,0.494736,0.271527,
0.465845,0.643254,0.274939,0.150801,0.0963568,0.0894973,0.159623,0.493879,0.268628,
0.505214,0.621103,0.243943,0.16367,0.0939536,0.0975895,0.173983,0.450499,0.271421,
0.505214,0.621103,0.243943,0.16367,0.0939536,0.0975895,0.173983,0.450499,0.271421,
0.484677,0.666306,0.262877,0.152945,0.0946367,0.099629,0.187056,0.458401,0.281289,
0.445808,0.651031,0.229548,0.159775,0.0894689,0.100327,0.176469,0.503434,0.31734,
0.445808,0.651031,0.229548,0.159775,0.0894689,0.100327,0.176469,0.503434,0.31734,
0.392276,0.652275,0.240127,0.170931,0.106368,0.0998785,0.160303,0.54133,0.301059,
0.382306,0.653162,0.245288,0.184067,0.12199,0.107273,0.128133,0.575866,0.299838,
0.385168,0.648163,0.263834,0.181275,0.142588,0.102068,0.129977,0.571965,0.30861,
0.385168,0.648163,0.263834,0.181275,0.142588,0.102068,0.129977,0.571965,0.30861,
0.412227,0.668091,0.260802,0.173257,0.157584,0.101803,0.123554,0.580038,0.327453,
0.412227,0.668091,0.260802,0.173257,0.157584,0.101803,0.123554,0.580038,0.327453,
0.412227,0.668091,0.260802,0.173257,0.157584,0.101803,0.123554,0.580038,0.327453,
0.412227,0.668091,0.260802,0.173257,0.157584,0.101803,0.123554,0.580038,0.327453,
0.412227,0.668091,0.260802,0.173257,0.157584,0.101803,0.123554,0.580038,0.327453,
0.423464,0.694797,0.264106,0.148929,0.162181,0.0988389,0.137448,0.585377,0.312551,
0.423464,0.694797,0.264106,0.148929,0.162181,0.0988389,0.137448,0.585377,0.312551,
0.423464,0.694797,0.264106,0.148929,0.162181,0.0988389,0.137448,0.585377,0.312551,
0.437254,0.703755,0.272916,0.143055,0.151779,0.125757,0.143341,0.591336,0.287886,
0.43833,0.709206,0.288162,0.135979,0.171606,0.137402,0.14717,0.586354,0.247245,
0.43833,0.709206,0.288162,0.135979,0.171606,0.137402,0.14717,0.586354,0.247245,
0.43833,0.709206,0.288162,0.135979,0.171606,0.137402,0.14717,0.586354,0.247245,
0.416148,0.718016,0.264884,0.133497,0.169299,0.134787,0.1415,0.621695,0.24966,
0.394583,0.70146,0.226717,0.149202,0.157594,0.116247,0.14175,0.641779,0.252568,
0.417993,0.72965,0.233544,0.154502,0.139928,0.12446,0.161723,0.647773,0.241522,
0.402386,0.758417,0.274066,0.164142,0.130075,0.114445,0.179229,0.620115,0.237965,
0.403788,0.744176,0.3005,0.158329,0.131886,0.110172,0.175548,0.634565,0.247253,
0.403788,0.744176,0.3005,0.158329,0.131886,0.110172,0.175548,0.634565,0.247253,
0.403788,0.744176,0.3005,0.158329,0.131886,0.110172,0.175548,0.634565,0.247253,
0.397779,0.763851,0.278782,0.139464,0.123446,0.0988094,0.159115,0.671522,0.260985,
0.383399,0.752755,0.253276,0.127532,0.129343,0.0955083,0.123428,0.684887,0.264614,
0.383399,0.752755,0.253276,0.127532,0.129343,0.0955083,0.123428,0.684887,0.264614,
0.354185,0.715322,0.269956,0.152466,0.158142,0.0868244,0.112525,0.671729,0.275721,
0.370246,0.72168,0.254957,0.136107,0.175575,0.0806743,0.125318,0.672239,0.281678,
0.366489,0.709443,0.260732,0.144712,0.153468,0.100989,0.135284,0.642051,0.290127,
0.392953,0.683325,0.260447,0.133775,0.132897,0.107137,0.115581,0.626867,0.25803,
0.436442,0.710283,0.252218,0.122447,0.133384,0.128476,0.105525,0.591015,0.2588,
0.454239,0.667345,0.270403,0.122877,0.136367,0.123463,0.116224,0.611069,0.224117,
0.428876,0.67437,0.299467,0.113075,0.138257,0.125521,0.118571,0.588457,0.238373,
0.428876,0.67437,0.299467,0.113075,0.138257,0.125521,0.118571,0.588457,0.238373,
0.451862,0.661096,0.27837,0.130199,0.13584,0.126534,0.121535,0.605091,0.263797,
0.451862,0.661096,0.27837,0.130199,0.13584,0.126534,0.121535,0.605091,0.263797,
0.432013,0.70267,0.262865,0.147073,0.160613,0.105147,0.131289,0.567595,0.252682,
0.43402,0.690589,0.238657,0.146847,0.127988,0.111503,0.142304,0.588943,0.244909,
0.449171,0.691289,0.21913,0.148946,0.154365,0.0874713,0.155489,0.58644,0.264428,
0.454917,0.677291,0.22484,0.130923,0.148923,0.0697082,0.160709,0.559364,0.245427,
0.454917,0.677291,0.22484,0.130923,0.148923,0.0697082,0.160709,0.559364,0.245427,
0.490521,0.638137,0.246995,0.123322,0.12865,0.0701491,0.148501,0.572146,0.231014,
0.472945,0.670601,0.22749,0.125716,0.11575,0.0545019,0.136139,0.56103,0.255102,
0.4577,0.678979,0.226191,0.132216,0.120524,0.072519,0.151267,0.538435,0.234412,
0.4577,0.678979,0.226191,0.132216,0.120524,0.072519,0.151267,0.538435,0.234412,
0.4577,0.678979,0.226191,0.132216,0.120524,0.072519,0.151267,0.538435,0.234412,
0.4577,0.678979,0.226191,0.132216,0.120524,0.072519,0.151267,0.538435,0.234412,
0.456335,0.678085,0.233817,0.149104,0.124605,0.0818831,0.160297,0.533891,0.231362,
0.456335,0.678085,0.233817,0.149104,0.124605,0.0818831,0.160297,0.533891,0.231362,
0.456335,0.678085,0.233817,0.149104,0.124605,0.0818831,0.160297,0.533891,0.231362,
0.456335,0.678085,0.233817,0.149104,0.124605,0.0818831,0.160297,0.533891,0.231362,
0.452626,0.672832,0.24589,0.146254,0.129398,0.102467,0.148815,0.49382,0.249989,
0.452626,0.672832,0.24589,0.146254,0.129398,0.102467,0.148815,0.49382,0.249989,
0.438053,0.657856,0.238602,0.138942,0.128361,0.0953432,0.148876,0.510219,0.285774,
0.429374,0.633209,0.214242,0.17049,0.130467,0.0861973,0.152233,0.508485,0.243446,
0.416186,0.637196,0.21029,0.167737,0.125299,0.0798857,0.15505,0.496648,0.25487,
0.429376,0.60697,0.219043,0.189438,0.141595,0.0816479,0.161858,0.484602,0.248364,
0.431886,0.620735,0.210344,0.187802,0.137008,0.0846725,0.140972,0.509973,0.28162,
0.460396,0.609643,0.21805,0.172692,0.146797,0.0730838,0.164877,0.512521,0.292181,
0.460396,0.609643,0.21805,0.172692,0.146797,0.0730838,0.164877,0.512521,0.292181,
0.460396,0.609643,0.21805,0.172692,0.146797,0.0730838,0.164877,0.512521,0.292181,
0.460396,0.609643,0.21805,0.172692,0.146797,0.0730838,0.164877,0.512521,0.292181,
0.460396,0.609643,0.21805,0.172692,0.146797,0.0730838,0.164877,0.512521,0.292181,
0.460396,0.609643,0.21805,0.172692,0.146797,0.0730838,0.164877,0.512521,0.292181,
0.446665,0.623562,0.215846,0.152094,0.149128,0.0539039,0.140656,0.507568,0.284571,
0.441729,0.634995,0.250295,0.16192,0.16549,0.0667051,0.124167,0.533796,0.300461,
0.441729,0.634995,0.250295,0.16192,0.16549,0.0667051,0.124167,0.533796,0.300461,
0.441729,0.634995,0.250295,0.16192,0.16549,0.0667051,0.124167,0.533796,0.300461,
0.463715,0.602534,0.276974,0.171883,0.170401,0.0799714,0.105152,0.515163,0.282708,
0.473041,0.603278,0.307251,0.15564,0.165842,0.081397,0.102588,0.497109,0.276072,
0.473041,0.603278,0.307251,0.15564,0.165842,0.081397,0.102588,0.497109,0.276072,
0.469208,0.600125,0.277955,0.154803,0.18036,0.0803022,0.0939242,0.511451,0.249103,
0.469208,0.600125,0.277955,0.154803,0.18036,0.0803022,0.0939242,0.511451,0.249103,
0.469208,0.600125,0.277955,0.154803,0.18036,0.0803022,0.0939242,0.511451,0.249103,
0.487548,0.581626,0.309502,0.133221,0.191506,0.0800337,0.0951926,0.485857,0.267593,
0.508733,0.591396,0.285807,0.132073,0.15593,0.0934281,0.0800308,0.487556,0.231507,
0.463046,0.610714,0.297196,0.139832,0.181082,0.0765658,0.0800256,0.481216,0.216762,
0.453635,0.617944,0.227351,0.117543,0.189621,0.0836377,0.0913744,0.458197,0.186763,
0.453635,0.617944,0.227351,0.117543,0.189621,0.0836377,0.0913744,0.458197,0.186763,
0.447449,0.646196,0.2168,0.123715,0.196946,0.098913,0.0982157,0.429553,0.194468,
0.427876,0.654947,0.186506,0.120055,0.202601,0.082517,0.110478,0.479516,0.198597,
0.427876,0.654947,0.186506,0.120055,0.202601,0.082517,0.110478,0.479516,0.198597,
0.427876,0.654947,0.186506,0.120055,0.202601,0.082517,0.110478,0.479516,0.198597,
0.442841,0.6741,0.207149,0.1022,0.178164,0.0877211,0.103073,0.474464,0.198297,
0.442841,0.6741,0.207149,0.1022,0.178164,0.0877211,0.103073,0.474464,0.198297,
0.442841,0.6741,0.207149,0.1022,0.178164,0.0877211,0.103073,0.474464,0.198297,
0.442841,0.6741,0.207149,0.1022,0.178164,0.0877211,0.103073,0.474464,0.198297,
0.442841,0.6741,0.207149,0.1022,0.178164,0.0877211,0.103073,0.474464,0.198297,
0.442841,0.6741,0.207149,0.1022,0.178164,0.0877211,0.103073,0.474464,0.198297,
0.430186,0.65994,0.198381,0.108605,0.15664,0.102337,0.125949,0.455205,0.197348,
0.429114,0.656307,0.197986,0.125271,0.154844,0.0884576,0.1281,0.45284,0.169515,
0.429114,0.656307,0.197986,0.125271,0.154844,0.0884576,0.1281,0.45284,0.169515,
0.425181,0.640073,0.181019,0.116961,0.148524,0.0938933,0.145826,0.457746,0.174852,
0.425181,0.640073,0.181019,0.116961,0.148524,0.0938933,0.145826,0.457746,0.174852,
0.420425,0.644007,0.179654,0.125087,0.148264,0.106858,0.130119,0.483518,0.152901,
0.420425,0.644007,0.179654,0.125087,0.148264,0.106858,0.130119,0.483518,0.152901,
0.420425,0.644007,0.179654,0.125087,0.148264,0.106858,0.130119,0.483518,0.152901,
0.420425,0.644007,0.179654,0.125087,0.148264,0.106858,0.130119,0.483518,0.152901,
0.444989,0.629219,0.186945,0.133692,0.183477,0.104608,0.128397,0.482372,0.147696,
0.444989,0.629219,0.186945,0.133692,0.183477,0.104608,0.128397,0.482372,0.147696,
0.444989,0.629219,0.186945,0.133692,0.183477,0.104608,0.128397,0.482372,0.147696,
0.444989,0.629219,0.186945,0.133692,0.183477,0.104608,0.128397,0.482372,0.147696,
0.444989,0.629219,0.186945,0.133692,0.183477,0.104608,0.128397,0.482372,0.147696,
0.444989,0.629219,0.186945,0.133692,0.183477,0.104608,0.128397,0.482372,0.147696,
0.438611,0.634342,0.171846,0.150824,0.171004,0.0933573,0.13104,0.472801,0.161589,
0.438611,0.634342,0.171846,0.150824,0.171004,0.0933573,0.13104,0.472801,0.161589,
0.438611,0.634342,0.171846,0.150824,0.171004,0.0933573,0.13104,0.472801,0.161589,
0.407245,0.649788,0.204381,0.140168,0.166318,0.0806095,0.11243,0.4706,0.196209,
0.409194,0.633944,0.204455,0.106814,0.179247,0.101912,0.128125,0.503721,0.21848,
0.393653,0.642948,0.234706,0.110187,0.182548,0.0990101,0.124259,0.514758,0.208344,
0.393653,0.642948,0.234706,0.110187,0.182548,0.0990101,0.124259,0.514758,0.208344,
0.396304,0.635766,0.239028,0.11405,0.187984,0.0743606,0.128872,0.505284,0.207661,
0.412974,0.658856,0.23319,0.156241,0.206072,0.0543219,0.099017,0.505941,0.20964,
0.412974,0.658856,0.23319,0.156241,0.206072,0.0543219,0.099017,0.505941,0.20964,
0.412974,0.658856,0.23319,0.156241,0.206072,0.0543219,0.099017,0.505941,0.20964,
0.411531,0.672803,0.217116,0.156013,0.189685,0.0780538,0.101848,0.489941,0.172668,
0.450851,0.702955,0.222602,0.164664,0.193708,0.0836768,0.0878668,0.486286,0.194618,
0.450851,0.702955,0.222602,0.164664,0.193708,0.0836768,0.0878668,0.486286,0.194618,
0.450851,0.702955,0.222602,0.164664,0.193708,0.0836768,0.0878668,0.486286,0.194618,
0.420336,0.683191,0.248381,0.166785,0.207209,0.0928431,0.104979,0.510043,0.184945,
0.426598,0.668862,0.250933,0.153727,0.216352,0.0750302,0.10871,0.498886,0.203919,
0.426598,0.668862,0.250933,0.153727,0.216352,0.0750302,0.10871,0.498886,0.203919,
0.426598,0.668862,0.250933,0.153727,0.216352,0.0750302,0.10871,0.498886,0.203919,
0.426598,0.668862,0.250933,0.153727,0.216352,0.0750302,0.10871,0.498886,0.203919,
0.426598,0.668862,0.250933,0.153727,0.216352,0.0750302,0.10871,0.498886,0.203919,
0.4225,0.690739,0.235419,0.137139,0.199011,0.071269,0.100115,0.512639,0.208518,
0.440785,0.675168,0.241718,0.128078,0.203026,0.0749476,0.103939,0.524777,0.186851,
0.440785,0.675168,0.241718,0.128078,0.203026,0.0749476,0.103939,0.524777,0.186851,
0.440785,0.675168,0.241718,0.128078,0.203026,0.0749476,0.103939,0.524777,0.186851,
0.394669,0.649038,0.24051,0.144648,0.183127,0.0551056,0.10386,0.51797,0.203832,
0.394669,0.649038,0.24051,0.144648,0.183127,0.0551056,0.10386,0.51797,0.203832,
0.387514,0.626609,0.217237,0.152333,0.155109,0.0585197,0.11388,0.5394,0.213301,
0.410102,0.648259,0.211893,0.159068,0.150004,0.0726378,0.122204,0.517897,0.232122,
0.446999,0.677393,0.187135,0.150862,0.128024,0.0708879,0.115075,0.506169,0.209522,
0.446999,0.677393,0.187135,0.150862,0.128024,0.0708879,0.115075,0.506169,0.209522,
0.45141,0.626445,0.169866,0.129813,0.105639,0.0620551,0.121206,0.500722,0.258142,
0.45141,0.626445,0.169866,0.129813,0.105639,0.0620551,0.121206,0.500722,0.258142,
0.45141,0.626445,0.169866,0.129813,0.105639,0.0620551,0.121206,0.500722,0.258142,
0.463174,0.628906,0.161225,0.136933,0.117356,0.0882465,0.124692,0.507171,0.253329,
0.46416,0.645734,0.182462,0.139996,0.105198,0.0963647,0.135008,0.496299,0.231901,
0.46416,0.645734,0.182462,0.139996,0.105198,0.0963647,0.135008,0.496299,0.231901,
0.46416,0.645734,0.182462,0.139996,0.105198,0.0963647,0.135008,0.496299,0.231901,
0.46416,0.645734,0.182462,0.139996,0.105198,0.0963647,0.135008,0.496299,0.231901,
0.46416,0.645734,0.182462,0.139996,0.105198,0.0963647,0.135008,0.496299,0.231901,
0.46416,0.645734,0.182462,0.139996,0.105198,0.0963647,0.135008,0.496299,0.231901,
0.454624,0.636263,0.203309,0.126291,0.109494,0.107238,0.150094,0.514259,0.218851,
0.461914,0.616165,0.22625,0.141371,0.0969829,0.121814,0.1308,0.536137,0.227551,
0.474399,0.600074,0.237041,0.14489,0.0828038,0.113369,0.135741,0.536429,0.239534,
0.456055,0.626177,0.221667,0.159967,0.0869934,0.0834317,0.150012,0.526931,0.257579,
0.502502,0.642885,0.242751,0.145728,0.126044,0.0716863,0.134285,0.52207,0.250325,
0.510644,0.637702,0.252352,0.141611,0.152107,0.0693191,0.131551,0.505304,0.26227,
0.510644,0.637702,0.252352,0.141611,0.152107,0.0693191,0.131551,0.505304,0.26227,
0.510644,0.637702,0.252352,0.141611,0.152107,0.0693191,0.131551,0.505304,0.26227,
0.510644,0.637702,0.252352,0.141611,0.152107,0.0693191,0.131551,0.505304,0.26227,
0.525425,0.641746,0.238148,0.125132,0.129738,0.0655144,0.127301,0.490083,0.268651,
0.525425,0.641746,0.238148,0.125132,0.129738,0.0655144,0.127301,0.490083,0.268651,
0.525425,0.641746,0.238148,0.125132,0.129738,0.0655144,0.127301,0.490083,0.268651,
0.525425,0.641746,0.238148,0.125132,0.129738,0.0655144,0.127301,0.490083,0.268651,
0.525425,0.641746,0.238148,0.125132,0.129738,0.0655144,0.127301,0.490083,0.268651,
0.525425,0.641746,0.238148,0.125132,0.129738,0.0655144,0.127301,0.490083,0.268651,
0.502121,0.657905,0.255689,0.145205,0.131528,0.0711969,0.119779,0.50094,0.270909,
0.502121,0.657905,0.255689,0.145205,0.131528,0.0711969,0.119779,0.50094,0.270909,
0.50237,0.681412,0.255996,0.152576,0.128337,0.0522396,0.133527,0.496544,0.277531,
0.504381,0.685779,0.241877,0.17882,0.135778,0.0613325,0.138994,0.478767,0.282677,
0.512865,0.676526,0.252565,0.169619,0.130509,0.0772469,0.135315,0.462722,0.263627,
0.479216,0.653891,0.221371,0.172367,0.139619,0.0789164,0.12664,0.481651,0.298144,
0.463558,0.650612,0.236703,0.17287,0.138701,0.0810058,0.127017,0.48013,0.294463,
0.470767,0.643647,0.254174,0.166037,0.147931,0.0762063,0.11435,0.456964,0.299705,
0.471884,0.635019,0.26252,0.16536,0.12214,0.0875634,0.107271,0.487203,0.310363,
0.471884,0.635019,0.26252,0.16536,0.12214,0.0875634,0.107271,0.487203,0.310363,
0.49352,0.638455,0.25196,0.157872,0.111024,0.0952519,0.119656,0.504105,0.306947,
0.49352,0.638455,0.25196,0.157872,0.111024,0.0952519,0.119656,0.504105,0.306947,
0.49352,0.638455,0.25196,0.157872,0.111024,0.0952519,0.119656,0.504105,0.306947,
0.465799,0.617618,0.248169,0.148212,0.116319,0.0869326,0.123157,0.49459,0.274339,
0.465799,0.617618,0.248169,0.148212,0.116319,0.0869326,0.123157,0.49459,0.274339,
0.465799,0.617618,0.248169,0.148212,0.116319,0.0869326,0.123157,0.49459,0.274339,
0.461709,0.610177,0.239501,0.147351,0.0973006,0.0700275,0.0907405,0.463419,0.220702,
0.461709,0.610177,0.239501,0.147351,0.0973006,0.0700275,0.0907405,0.463419,0.220702,
0.461709,0.610177,0.239501,0.147351,0.0973006,0.0700275,0.0907405,0.463419,0.220702,
0.461709,0.610177,0.239501,0.147351,0.0973006,0.0700275,0.0907405,0.463419,0.220702,
0.461709,0.610177,0.239501,0.147351,0.0973006,0.0700275,0.0907405,0.463419,0.220702,
0.461709,0.610177,0.239501,0.147351,0.0973006,0.0700275,0.0907405,0.463419,0.220702,
0.469278,0.613186,0.243537,0.151592,0.101201,0.0751388,0.0859792,0.467025,0.219443,
0.469278,0.613186,0.243537,0.151592,0.101201,0.0751388,0.0859792,0.467025,0.219443,
0.469278,0.613186,0.243537,0.151592,0.101201,0.0751388,0.0859792,0.467025,0.219443,
0.441083,0.640851,0.248964,0.159058,0.103063,0.0596098,0.087445,0.472889,0.243399,
0.478369,0.668124,0.20704,0.155188,0.113484,0.0497132,0.132438,0.516015,0.238831,
0.478369,0.668124,0.20704,0.155188,0.113484,0.0497132,0.132438,0.516015,0.238831,
0.478369,0.668124,0.20704,0.155188,0.113484,0.0497132,0.132438,0.516015,0.238831,
0.462385,0.669938,0.211042,0.147946,0.113228,0.0588068,0.116152,0.498289,0.196333,
0.422692,0.664297,0.191815,0.129086,0.114445,0.078915,0.11521,0.496801,0.19983,
0.422692,0.664297,0.191815,0.129086,0.114445,0.078915,0.11521,0.496801,0.19983,
0.422692,0.664297,0.191815,0.129086,0.114445,0.078915,0.11521,0.496801,0.19983,
0.422692,0.664297,0.191815,0.129086,0.114445,0.078915,0.11521,0.496801,0.19983,
0.422692,0.664297,0.191815,0.129086,0.114445,0.078915,0.11521,0.496801,0.19983,
0.417999,0.687681,0.176237,0.141994,0.12769,0.0675951,0.111424,0.482425,0.201143,
0.392162,0.707971,0.213921,0.126117,0.123427,0.0390783,0.118728,0.499775,0.223797,
0.392162,0.707971,0.213921,0.126117,0.123427,0.0390783,0.118728,0.499775,0.223797,
0.392162,0.707971,0.213921,0.126117,0.123427,0.0390783,0.118728,0.499775,0.223797,
0.392162,0.707971,0.213921,0.126117,0.123427,0.0390783,0.118728,0.499775,0.223797,
0.373673,0.704661,0.213268,0.100839,0.123826,0.0499981,0.120028,0.48495,0.226919,
0.373673,0.704661,0.213268,0.100839,0.123826,0.0499981,0.120028,0.48495,0.226919,
0.384768,0.658114,0.221533,0.107505,0.115039,0.0459132,0.109284,0.489636,0.224393,
0.39334,0.645322,0.192607,0.11766,0.136155,0.0450299,0.101877,0.488571,0.207431,
0.403431,0.674526,0.209582,0.137204,0.148798,0.0794185,0.0997893,0.464489,0.211664,
0.423967,0.679455,0.176152,0.130374,0.165526,0.103298,0.108435,0.488963,0.241635,
0.423967,0.679455,0.176152,0.130374,0.165526,0.103298,0.108435,0.488963,0.241635,
0.412337,0.653904,0.194885,0.152369,0.141908,0.128067,0.107534,0.494906,0.249401,
0.412337,0.653904,0.194885,0.152369,0.141908,0.128067,0.107534,0.494906,0.249401,
0.441433,0.638686,0.187548,0.122332,0.141795,0.126029,0.11213,0.460878,0.240187,
0.42946,0.638665,0.201134,0.114443,0.151748,0.0936213,0.134063,0.404504,0.239217,
0.425057,0.656021,0.212599,0.129233,0.146236,0.0853021,0.132504,0.41314,0.255119,
0.425057,0.656021,0.212599,0.129233,0.146236,0.0853021,0.132504,0.41314,0.255119,
0.4467,0.648843,0.255745,0.128237,0.15055,0.0923429,0.149729,0.428342,0.286556,
0.409798,0.62501,0.220402,0.158856,0.145533,0.0819662,0.141016,0.442391,0.278421,
0.409798,0.62501,0.220402,0.158856,0.145533,0.0819662,0.141016,0.442391,0.278421,
0.409798,0.62501,0.220402,0.158856,0.145533,0.0819662,0.141016,0.442391,0.278421,
0.426197,0.672676,0.215505,0.152262,0.135008,0.0703971,0.158846,0.422983,0.299253,
0.476177,0.676453,0.223905,0.155899,0.157471,0.0743621,0.15015,0.425524,0.288908,
0.476177,0.676453,0.223905,0.155899,0.157471,0.0743621,0.15015,0.425524,0.288908,
0.499194,0.669822,0.244494,0.155219,0.149061,0.0734345,0.174342,0.444934,0.291803,
0.493628,0.676913,0.2232,0.149458,0.135656,0.0731702,0.161851,0.45142,0.30067,
0.493628,0.676913,0.2232,0.149458,0.135656,0.0731702,0.161851,0.45142,0.30067,
0.493628,0.676913,0.2232,0.149458,0.135656,0.0731702,0.161851,0.45142,0.30067,
0.493628,0.676913,0.2232,0.149458,0.135656,0.0731702,0.161851,0.45142,0.30067,
0.483682,0.666359,0.197191,0.118897,0.150995,0.0723798,0.14723,0.495766,0.284115,
0.483682,0.666359,0.197191,0.118897,0.150995,0.0723798,0.14723,0.495766,0.284115,
0.483682,0.666359,0.197191,0.118897,0.150995,0.0723798,0.14723,0.495766,0.284115,
0.483682,0.666359,0.197191,0.118897,0.150995,0.0723798,0.14723,0.495766,0.284115,
0.498105,0.666285,0.180365,0.120719,0.119551,0.0680439,0.17232,0.518533,0.273314,
0.457194,0.667255,0.185576,0.12591,0.0951979,0.0749846,0.172308,0.544886,0.265443,
0.454196,0.633045,0.192189,0.108841,0.0897504,0.0631862,0.176925,0.527376,0.223196,
0.454196,0.633045,0.192189,0.108841,0.0897504,0.0631862,0.176925,0.527376,0.223196,
0.454196,0.633045,0.192189,0.108841,0.0897504,0.0631862,0.176925,0.527376,0.223196,
0.445767,0.61087,0.202608,0.100985,0.0847583,0.0695022,0.166403,0.534404,0.188758,
0.445767,0.61087,0.202608,0.100985,0.0847583,0.0695022,0.166403,0.534404,0.188758,
0.475891,0.624262,0.211284,0.114357,0.0678134,0.065275,0.168683,0.554083,0.213293,
0.475891,0.624262,0.211284,0.114357,0.0678134,0.065275,0.168683,0.554083,0.213293,
0.495125,0.584085,0.227622,0.145456,0.0756337,0.0489167,0.173463,0.562538,0.181549,
0.499805,0.582608,0.207136,0.122017,0.0692438,0.0602618,0.182922,0.542036,0.171059,
0.489126,0.598552,0.221922,0.134313,0.0640272,0.0629819,0.17666,0.526612,0.181237,
0.489126,0.598552,0.221922,0.134313,0.0640272,0.0629819,0.17666,0.526612,0.181237,
0.489126,0.598552,0.221922,0.134313,0.0640272,0.0629819,0.17666,0.526612,0.181237,
0.489126,0.598552,0.221922,0.134313,0.0640272,0.0629819,0.17666,0.526612,0.181237,
0.489126,0.598552,0.221922,0.134313,0.0640272,0.0629819,0.17666,0.526612,0.181237,
0.489126,0.598552,0.221922,0.134313,0.0640272,0.0629819,0.17666,0.526612,0.181237,
0.489126,0.598552,0.221922,0.134313,0.0640272,0.0629819,0.17666,0.526612,0.181237,
0.489126,0.598552,0.221922,0.134313,0.0640272,0.0629819,0.17666,0.526612,0.181237,
0.509622,0.603469,0.247662,0.157694,0.0687418,0.0644418,0.206054,0.523204,0.192621,
0.509622,0.603469,0.247662,0.157694,0.0687418,0.0644418,0.206054,0.523204,0.192621,
0.509622,0.603469,0.247662,0.157694,0.0687418,0.0644418,0.206054,0.523204,0.192621,
0.503739,0.624441,0.290204,0.152748,0.0704549,0.0796219,0.211293,0.502229,0.21797,
0.491804,0.60698,0.277798,0.134334,0.0536816,0.0697636,0.220507,0.52413,0.196199,
0.502284,0.59218,0.283641,0.114949,0.057899,0.0667132,0.225042,0.519592,0.204579,
0.505036,0.587397,0.247286,0.134018,0.0772471,0.0580077,0.227822,0.510349,0.20445,
0.488246,0.554903,0.240046,0.169208,0.107187,0.0548002,0.22352,0.518709,0.192521,
0.488246,0.554903,0.240046,0.169208,0.107187,0.0548002,0.22352,0.518709,0.192521,
0.488246,0.554903,0.240046,0.169208,0.107187,0.0548002,0.22352,0.518709,0.192521,
0.488563,0.548639,0.238354,0.145454,0.113833,0.062058,0.214472,0.496256,0.157943,
0.488563,0.548639,0.238354,0.145454,0.113833,0.062058,0.214472,0.496256,0.157943,
0.429291,0.533756,0.224735,0.14272,0.105358,0.0703207,0.197867,0.505364,0.181328,
0.429291,0.533756,0.224735,0.14272,0.105358,0.0703207,0.197867,0.505364,0.181328,
0.429291,0.533756,0.224735,0.14272,0.105358,0.0703207,0.197867,0.505364,0.181328,
0.441387,0.5472,0.211607,0.142451,0.108966,0.0751216,0.205566,0.554724,0.196209,
0.471815,0.575305,0.225399,0.138939,0.120813,0.0700974,0.192513,0.583477,0.16989,
0.471815,0.575305,0.225399,0.138939,0.120813,0.0700974,0.192513,0.583477,0.16989,
0.469562,0.588641,0.241872,0.175432,0.112697,0.0836201,0.193076,0.607354,0.19144,
0.469562,0.588641,0.241872,0.175432,0.112697,0.0836201,0.193076,0.607354,0.19144,
0.473376,0.575607,0.275533,0.180539,0.0993845,0.104603,0.196009,0.59716,0.220242,
0.476786,0.592615,0.242543,0.20916,0.120089,0.10576,0.206771,0.590547,0.251004,
0.476786,0.592615,0.242543,0.20916,0.120089,0.10576,0.206771,0.590547,0.251004,
0.476786,0.592615,0.242543,0.20916,0.120089,0.10576,0.206771,0.590547,0.251004,
0.503714,0.594201,0.261902,0.206225,0.10182,0.105519,0.19934,0.562808,0.248263,
0.480088,0.609149,0.280392,0.232563,0.113229,0.0922273,0.213671,0.551854,0.255392,
0.480088,0.609149,0.280392,0.232563,0.113229,0.0922273,0.213671,0.551854,0.255392,
0.480088,0.609149,0.280392,0.232563,0.113229,0.0922273,0.213671,0.551854,0.255392,
0.480088,0.609149,0.280392,0.232563,0.113229,0.0922273,0.213671,0.551854,0.255392,
0.497207,0.603399,0.298493,0.237168,0.131123,0.0823035,0.214495,0.546013,0.257574,
0.497207,0.603399,0.298493,0.237168,0.131123,0.0823035,0.214495,0.546013,0.257574,
0.497207,0.603399,0.298493,0.237168,0.131123,0.0823035,0.214495,0.546013,0.257574,
0.450655,0.582202,0.27671,0.210578,0.125154,0.103371,0.219187,0.52503,0.227795,
0.432856,0.607908,0.260306,0.226085,0.105058,0.0923553,0.182748,0.538684,0.179429,
0.45248,0.635301,0.27219,0.237944,0.123978,0.104519,0.194296,0.575121,0.190947,
0.45248,0.635301,0.27219,0.237944,0.123978,0.104519,0.194296,0.575121,0.190947,
0.436812,0.636332,0.245315,0.216118,0.128309,0.115525,0.182706,0.591116,0.172435,
0.466314,0.649643,0.21846,0.219523,0.120265,0.122955,0.205742,0.582911,0.188717,
0.466314,0.649643,0.21846,0.219523,0.120265,0.122955,0.205742,0.582911,0.188717,
0.459223,0.641354,0.254503,0.215374,0.125942,0.119306,0.201935,0.594287,0.187132,
0.468789,0.635487,0.252442,0.20663,0.107775,0.117312,0.18933,0.581412,0.189325,
0.468789,0.635487,0.252442,0.20663,0.107775,0.117312,0.18933,0.581412,0.189325,
0.468789,0.635487,0.252442,0.20663,0.107775,0.117312,0.18933,0.581412,0.189325,
0.454059,0.645042,0.267802,0.187271,0.113181,0.0957861,0.205409,0.547905,0.175463,
0.470727,0.627269,0.304471,0.200493,0.110067,0.071824,0.190617,0.57246,0.203543,
0.457852,0.626556,0.303418,0.191277,0.0994774,0.0802313,0.190071,0.589852,0.208164,
0.457852,0.626556,0.303418,0.191277,0.0994774,0.0802313,0.190071,0.589852,0.208164,
0.458496,0.628942,0.309973,0.17788,0.0990525,0.0947989,0.176602,0.590401,0.187149,
0.458098,0.609474,0.289734,0.159641,0.0939342,0.0965918,0.171146,0.543531,0.206917,
0.432842,0.56761,0.263627,0.179139,0.0848133,0.0802331,0.180189,0.55759,0.215864,
0.432842,0.56761,0.263627,0.179139,0.0848133,0.0802331,0.180189,0.55759,0.215864,
0.445765,0.56908,0.29151,0.153202,0.0813764,0.0743044,0.204849,0.550072,0.210509,
0.445765,0.56908,0.29151,0.153202,0.0813764,0.0743044,0.204849,0.550072,0.210509,
0.445765,0.56908,0.29151,0.153202,0.0813764,0.0743044,0.204849,0.550072,0.210509,
0.448433,0.547029,0.275132,0.122679,0.0687186,0.0810733,0.211577,0.53958,0.200823,
0.475085,0.521297,0.276879,0.124405,0.0967027,0.0612107,0.216765,0.551562,0.210632,
0.430868,0.488542,0.26597,0.118543,0.0882277,0.0686246,0.18953,0.546604,0.221586,
0.430868,0.488542,0.26597,0.118543,0.0882277,0.0686246,0.18953,0.546604,0.221586,
0.445693,0.511239,0.278033,0.106921,0.108023,0.0726501,0.170933,0.533913,0.256501,
0.465701,0.508844,0.274799,0.118737,0.115563,0.0688555,0.204751,0.506891,0.256758,
0.465701,0.508844,0.274799,0.118737,0.115563,0.0688555,0.204751,0.506891,0.256758,
0.465701,0.508844,0.274799,0.118737,0.115563,0.0688555,0.204751,0.506891,0.256758,
0.465701,0.508844,0.274799,0.118737,0.115563,0.0688555,0.204751,0.506891,0.256758,
0.465701,0.508844,0.274799,0.118737,0.115563,0.0688555,0.204751,0.506891,0.256758,
0.465701,0.508844,0.274799,0.118737,0.115563,0.0688555,0.204751,0.506891,0.256758,
0.465701,0.508844,0.274799,0.118737,0.115563,0.0688555,0.204751,0.506891,0.256758,
0.465701,0.508844,0.274799,0.118737,0.115563,0.0688555,0.204751,0.506891,0.256758,
0.421583,0.53701,0.276866,0.105586,0.118224,0.0691363,0.155402,0.510173,0.248739,
0.421583,0.53701,0.276866,0.105586,0.118224,0.0691363,0.155402,0.510173,0.248739,
0.421583,0.53701,0.276866,0.105586,0.118224,0.0691363,0.155402,0.510173,0.248739,
0.421583,0.53701,0.276866,0.105586,0.118224,0.0691363,0.155402,0.510173,0.248739,
0.387082,0.546943,0.259158,0.120228,0.128713,0.0778163,0.15185,0.520013,0.251479,
0.398056,0.563688,0.247254,0.105871,0.132567,0.0561311,0.137529,0.524798,0.216874,
0.398056,0.563688,0.247254,0.105871,0.132567,0.0561311,0.137529,0.524798,0.216874,
0.398056,0.563688,0.247254,0.105871,0.132567,0.0561311,0.137529,0.524798,0.216874,
0.398408,0.583365,0.217652,0.130849,0.12853,0.0514872,0.134622,0.501542,0.216328,
0.398408,0.583365,0.217652,0.130849,0.12853,0.0514872,0.134622,0.501542,0.216328,
0.421039,0.586855,0.217494,0.123434,0.12915,0.0575702,0.149445,0.54803,0.210576,
0.421039,0.586855,0.217494,0.123434,0.12915,0.0575702,0.149445,0.54803,0.210576,
0.468414,0.604635,0.224373,0.109793,0.114123,0.0470569,0.134197,0.573689,0.178575,
0.468414,0.604635,0.224373,0.109793,0.114123,0.0470569,0.134197,0.573689,0.178575,
0.468414,0.604635,0.224373,0.109793,0.114123,0.0470569,0.134197,0.573689,0.178575,
0.481355,0.617274,0.206818,0.101062,0.115535,0.0493713,0.127307,0.560301,0.179416,
0.460239,0.602339,0.229649,0.133961,0.112041,0.0421551,0.158093,0.572138,0.170237,
0.460239,0.602339,0.229649,0.133961,0.112041,0.0421551,0.158093,0.572138,0.170237,
0.460239,0.602339,0.229649,0.133961,0.112041,0.0421551,0.158093,0.572138,0.170237,
0.446932,0.597405,0.247403,0.146229,0.098209,0.0452374,0.151912,0.603101,0.168919,
0.446932,0.597405,0.247403,0.146229,0.098209,0.0452374,0.151912,0.603101,0.168919,
0.480984,0.580534,0.240734,0.143204,0.119388,0.0608345,0.144789,0.634384,0.184813,
0.492375,0.584615,0.256134,0.138428,0.124616,0.0590995,0.155193,0.584498,0.194013,
0.492375,0.584615,0.256134,0.138428,0.124616,0.0590995,0.155193,0.584498,0.194013,
0.492375,0.584615,0.256134,0.138428,0.124616,0.0590995,0.155193,0.584498,0.194013,
0.486827,0.566463,0.289102,0.130503,0.141714,0.056807,0.147011,0.568844,0.207665,
0.430519,0.57458,0.271235,0.13892,0.159037,0.0605422,0.154865,0.579393,0.200251,
0.420052,0.617481,0.257485,0.128649,0.169273,0.0558526,0.181176,0.605491,0.224398,
0.414323,0.622672,0.24914,0.143228,0.168977,0.0529552,0.165235,0.575373,0.2617,
0.399646,0.647347,0.259075,0.180817,0.125837,0.0560275,0.162674,0.590622,0.248002,
0.408321,0.625352,0.278309,0.179306,0.129002,0.0748064,0.169051,0.580202,0.232288,
0.401319,0.571473,0.251466,0.207519,0.140792,0.0707024,0.179323,0.578456,0.254091,
0.406276,0.616513,0.235621,0.185864,0.161548,0.0571523,0.170855,0.571709,0.227519,
0.406276,0.616513,0.235621,0.185864,0.161548,0.0571523,0.170855,0.571709,0.227519,
0.406276,0.616513,0.235621,0.185864,0.161548,0.0571523,0.170855,0.571709,0.227519,
0.406276,0.616513,0.235621,0.185864,0.161548,0.0571523,0.170855,0.571709,0.227519,
0.406276,0.616513,0.235621,0.185864,0.161548,0.0571523,0.170855,0.571709,0.227519,
0.424878,0.665061,0.228112,0.193541,0.14878,0.0645748,0.150432,0.596404,0.219649,
0.428804,0.685552,0.214584,0.186973,0.176763,0.0853982,0.145973,0.57192,0.225807,
0.447551,0.657732,0.207269,0.173156,0.172703,0.0682835,0.137673,0.558931,0.227032,
0.442183,0.669511,0.239683,0.179404,0.172341,0.0872617,0.111506,0.570905,0.230926,
0.419622,0.705342,0.273299,0.184222,0.169249,0.0744848,0.144504,0.541543,0.227122,
0.419622,0.705342,0.273299,0.184222,0.169249,0.0744848,0.144504,0.541543,0.227122,
0.407389,0.66798,0.288791,0.162071,0.169809,0.0644591,0.165593,0.516898,0.232255,
0.42469,0.66304,0.272173,0.151561,0.188952,0.0668302,0.156817,0.505935,0.215912,
0.386337,0.652016,0.235724,0.141464,0.188116,0.0868365,0.171939,0.485105,0.223839,
0.355278,0.666299,0.242906,0.130324,0.176021,0.108163,0.180991,0.487006,0.223595,
0.355278,0.666299,0.242906,0.130324,0.176021,0.108163,0.180991,0.487006,0.223595,
0.375513,0.678301,0.25078,0.136416,0.185593,0.115586,0.166083,0.491736,0.216663,
0.404576,0.70127,0.233863,0.160526,0.174767,0.105315,0.153593,0.493606,0.200357,
0.404576,0.70127,0.233863,0.160526,0.174767,0.105315,0.153593,0.493606,0.200357,
0.404576,0.70127,0.233863,0.160526,0.174767,0.105315,0.153593,0.493606,0.200357,
0.399069,0.720598,0.231242,0.142224,0.178436,0.127614,0.159974,0.472426,0.219182,
0.399069,0.720598,0.231242,0.142224,0.178436,0.127614,0.159974,0.472426,0.219182,
0.399069,0.720598,0.231242,0.142224,0.178436,0.127614,0.159974,0.472426,0.219182,
0.409283,0.730827,0.234398,0.142674,0.169308,0.0977303,0.178543,0.448368,0.21232,
0.409283,0.730827,0.234398,0.142674,0.169308,0.0977303,0.178543,0.448368,0.21232,
0.401907,0.741384,0.238843,0.137948,0.165291,0.101552,0.195259,0.409187,0.211984,
0.401907,0.741384,0.238843,0.137948,0.165291,0.101552,0.195259,0.409187,0.211984,
0.401907,0.741384,0.238843,0.137948,0.165291,0.101552,0.195259,0.409187,0.211984,
0.401907,0.741384,0.238843,0.137948,0.165291,0.101552,0.195259,0.409187,0.211984,
0.401907,0.741384,0.238843,0.137948,0.165291,0.101552,0.195259,0.409187,0.211984,
0.400877,0.732751,0.248919,0.106783,0.152901,0.0869831,0.176213,0.420137,0.200346,
0.446581,0.723399,0.259561,0.091577,0.161814,0.092271,0.178534,0.44152,0.194534,
0.456825,0.712286,0.241253,0.107699,0.164155,0.0997957,0.183127,0.435338,0.195891,
0.456825,0.712286,0.241253,0.107699,0.164155,0.0997957,0.183127,0.435338,0.195891,
0.416083,0.681255,0.23226,0.106501,0.181049,0.104094,0.199503,0.443884,0.185796,
0.416083,0.681255,0.23226,0.106501,0.181049,0.104094,0.199503,0.443884,0.185796,
0.416083,0.681255,0.23226,0.106501,0.181049,0.104094,0.199503,0.443884,0.185796,
0.416564,0.673563,0.237665,0.103246,0.162799,0.102111,0.188008,0.449008,0.218092,
0.427227,0.665446,0.218452,0.123229,0.164044,0.11827,0.214692,0.440578,0.211593,
0.449876,0.64817,0.26891,0.140157,0.180303,0.106221,0.217014,0.451713,0.192929,
0.449876,0.64817,0.26891,0.140157,0.180303,0.106221,0.217014,0.451713,0.192929,
0.449876,0.64817,0.26891,0.140157,0.180303,0.106221,0.217014,0.451713,0.192929,
0.435876,0.633362,0.267355,0.145151,0.186846,0.0839761,0.222052,0.425218,0.207667,
0.435876,0.633362,0.267355,0.145151,0.186846,0.0839761,0.222052,0.425218,0.207667,
0.39224,0.628976,0.280224,0.173187,0.169249,0.0697778,0.210961,0.377397,0.187408,
0.385782,0.60943,0.273544,0.166145,0.177301,0.0659101,0.21338,0.395676,0.175471,
0.392531,0.592651,0.245779,0.158129,0.16233,0.0558245,0.241806,0.388414,0.168001,
0.372324,0.56245,0.263004,0.150501,0.155658,0.068245,0.225118,0.403264,0.176924,
0.372324,0.56245,0.263004,0.150501,0.155658,0.068245,0.225118,0.403264,0.176924,
0.372324,0.56245,0.263004,0.150501,0.155658,0.068245,0.225118,0.403264,0.176924,
0.402422,0.533823,0.258155,0.166164,0.139736,0.0761469,0.228291,0.406502,0.198237,
0.402422,0.533823,0.258155,0.166164,0.139736,0.0761469,0.228291,0.406502,0.198237,
0.391239,0.522442,0.266103,0.18698,0.132221,0.08159,0.211326,0.410006,0.19797,
0.391239,0.522442,0.266103,0.18698,0.132221,0.08159,0.211326,0.410006,0.19797,
0.378212,0.539228,0.259159,0.197536,0.122512,0.105807,0.223087,0.443892,0.208196,
0.376751,0.547804,0.26843,0.198355,0.120273,0.12169,0.210552,0.420737,0.233561,
0.387122,0.556676,0.260564,0.186478,0.117971,0.131374,0.200598,0.416185,0.235947,
0.387122,0.556676,0.260564,0.186478,0.117971,0.131374,0.200598,0.416185,0.235947,
0.405084,0.542002,0.267091,0.190548,0.113388,0.121534,0.204562,0.407474,0.245421,
0.401478,0.592798,0.241006,0.192406,0.0998366,0.136724,0.189194,0.383637,0.244805,
0.401478,0.592798,0.241006,0.192406,0.0998366,0.136724,0.189194,0.383637,0.244805,
0.429944,0.561727,0.261903,0.205208,0.127782,0.150908,0.181058,0.412329,0.25582,
0.423903,0.592149,0.250486,0.198109,0.135167,0.172573,0.211135,0.426652,0.239407,
0.41382,0.617001,0.2102,0.184523,0.151676,0.158497,0.19004,0.402699,0.221624,
0.390231,0.634344,0.180457,0.171786,0.155704,0.109041,0.198485,0.405768,0.245467,
0.423277,0.624162,0.231084,0.166632,0.158812,0.10412,0.220904,0.410407,0.234078,
0.423277,0.624162,0.231084,0.166632,0.158812,0.10412,0.220904,0.410407,0.234078,
0.423277,0.624162,0.231084,0.166632,0.158812,0.10412,0.220904,0.410407,0.234078,
0.423277,0.624162,0.231084,0.166632,0.158812,0.10412,0.220904,0.410407,0.234078,
0.423277,0.624162,0.231084,0.166632,0.158812,0.10412,0.220904,0.410407,0.234078,
0.423277,0.624162,0.231084,0.166632,0.158812,0.10412,0.220904,0.410407,0.234078,
0.423277,0.624162,0.231084,0.166632,0.158812,0.10412,0.220904,0.410407,0.234078,
0.423277,0.624162,0.231084,0.166632,0.158812,0.10412,0.220904,0.410407,0.234078,
0.420662,0.589624,0.244439,0.181217,0.157938,0.0932283,0.202401,0.4434,0.209308,
0.423971,0.61896,0.254137,0.174182,0.162823,0.106921,0.204045,0.459979,0.179822,
0.429337,0.598388,0.250938,0.156593,0.127131,0.120375,0.203851,0.488567,0.173596,
0.468533,0.599315,0.221222,0.161905,0.131763,0.127951,0.191514,0.481642,0.174327,
0.484709,0.610533,0.184027,0.131148,0.123591,0.123093,0.161166,0.461026,0.192903,
0.463787,0.61094,0.194738,0.141781,0.144662,0.105675,0.145271,0.4625,0.1911,
0.463787,0.61094,0.194738,0.141781,0.144662,0.105675,0.145271,0.4625,0.1911,
0.463787,0.61094,0.194738,0.141781,0.144662,0.105675,0.145271,0.4625,0.1911,
0.461374,0.616867,0.180858,0.164113,0.151074,0.0957961,0.130431,0.426003,0.18257,
0.461374,0.616867,0.180858,0.164113,0.151074,0.0957961,0.130431,0.426003,0.18257,
0.461374,0.616867,0.180858,0.164113,0.151074,0.0957961,0.130431,0.426003,0.18257,
0.490155,0.628668,0.183481,0.161041,0.149882,0.102936,0.13739,0.439642,0.167072,
0.490155,0.628668,0.183481,0.161041,0.149882,0.102936,0.13739,0.439642,0.167072,
0.490155,0.628668,0.183481,0.161041,0.149882,0.102936,0.13739,0.439642,0.167072,
0.472277,0.634962,0.175815,0.144454,0.158295,0.106165,0.142213,0.442689,0.162447,
0.472277,0.634962,0.175815,0.144454,0.158295,0.106165,0.142213,0.442689,0.162447,
0.432123,0.626179,0.179704,0.146932,0.154774,0.0663991,0.152049,0.471642,0.164822,
0.386274,0.612344,0.170102,0.135161,0.142879,0.0757204,0.147389,0.456673,0.140588,
0.429188,0.622735,0.194469,0.131387,0.13651,0.0417601,0.161807,0.446075,0.151551,
0.429188,0.622735,0.194469,0.131387,0.13651,0.0417601,0.161807,0.446075,0.151551,
0.447413,0.649306,0.254658,0.142726,0.131673,0.0532459,0.168709,0.455087,0.170357,
0.447413,0.649306,0.254658,0.142726,0.131673,0.0532459,0.168709,0.455087,0.170357,
0.464522,0.649883,0.270525,0.139493,0.143603,0.0568938,0.155545,0.480374,0.160402,
0.455759,0.614408,0.277868,0.107153,0.135514,0.0540103,0.157166,0.473481,0.168648,
0.455759,0.614408,0.277868,0.107153,0.135514,0.0540103,0.157166,0.473481,0.168648,
0.455759,0.614408,0.277868,0.107153,0.135514,0.0540103,0.157166,0.473481,0.168648,
0.455759,0.614408,0.277868,0.107153,0.135514,0.0540103,0.157166,0.473481,0.168648,
0.455759,0.614408,0.277868,0.107153,0.135514,0.0540103,0.157166,0.473481,0.168648,
0.455759,0.614408,0.277868,0.107153,0.135514,0.0540103,0.157166,0.473481,0.168648,
0.456237,0.598678,0.25681,0.124315,0.140845,0.0465329,0.16661,0.50243,0.174262,
0.456237,0.598678,0.25681,0.124315,0.140845,0.0465329,0.16661,0.50243,0.174262,
0.456237,0.598678,0.25681,0.124315,0.140845,0.0465329,0.16661,0.50243,0.174262,
0.456237,0.598678,0.25681,0.124315,0.140845,0.0465329,0.16661,0.50243,0.174262,
0.456237,0.598678,0.25681,0.124315,0.140845,0.0465329,0.16661,0.50243,0.174262,
0.470314,0.634434,0.255038,0.0997231,0.1212,0.0511717,0.181908,0.464188,0.179546,
0.470314,0.634434,0.255038,0.0997231,0.1212,0.0511717,0.181908,0.464188,0.179546,
0.488943,0.643395,0.271054,0.0927892,0.121645,0.0506509,0.16319,0.460227,0.180255,
0.488943,0.643395,0.271054,0.0927892,0.121645,0.0506509,0.16319,0.460227,0.180255,
0.467234,0.645092,0.25857,0.0890943,0.115857,0.0503462,0.172738,0.477869,0.19059,
0.468406,0.647811,0.238523,0.101914,0.132144,0.0431058,0.172973,0.48767,0.202837,
0.478245,0.625864,0.242853,0.0790944,0.11574,0.056345,0.17296,0.499849,0.196025,
0.495693,0.617771,0.239306,0.0904616,0.10928,0.0577126,0.180828,0.467695,0.20593,
0.495693,0.617771,0.239306,0.0904616,0.10928,0.0577126,0.180828,0.467695,0.20593,
0.495693,0.617771,0.239306,0.0904616,0.10928,0.0577126,0.180828,0.467695,0.20593,
0.499298,0.620272,0.249645,0.0882115,0.0879666,0.0504838,0.188213,0.442992,0.212591,
0.499298,0.620272,0.249645,0.0882115,0.0879666,0.0504838,0.188213,0.442992,0.212591,
0.496304,0.617183,0.233359,0.0930629,0.0819946,0.0852377,0.178681,0.435747,0.220856,
0.526356,0.595836,0.219251,0.0700789,0.100099,0.0825919,0.157583,0.462652,0.219286,
0.518575,0.590628,0.229984,0.0836163,0.113391,0.097178,0.155594,0.453292,0.214052,
0.473811,0.62698,0.257594,0.0892531,0.120452,0.0875037,0.184687,0.465982,0.215903,
0.473811,0.62698,0.257594,0.0892531,0.120452,0.0875037,0.184687,0.465982,0.215903,
0.499518,0.631551,0.268413,0.0799185,0.154724,0.112418,0.187655,0.50215,0.213911,
0.499518,0.631551,0.268413,0.0799185,0.154724,0.112418,0.187655,0.50215,0.213911,
0.509437,0.648036,0.286775,0.0952343,0.167246,0.0969868,0.170118,0.503177,0.186048,
0.509437,0.648036,0.286775,0.0952343,0.167246,0.0969868,0.170118,0.503177,0.186048,
0.509437,0.648036,0.286775,0.0952343,0.167246,0.0969868,0.170118,0.503177,0.186048,
0.457865,0.64304,0.277704,0.0799523,0.161476,0.0995685,0.152223,0.492271,0.199564,
0.476329,0.636515,0.303777,0.097501,0.157894,0.109399,0.145882,0.495042,0.196981,
0.496107,0.609476,0.308286,0.0832757,0.141005,0.0868353,0.129176,0.501584,0.204172,
0.496107,0.609476,0.308286,0.0832757,0.141005,0.0868353,0.129176,0.501584,0.204172,
0.477458,0.602765,0.310797,0.0996124,0.148988,0.0766535,0.109234,0.509997,0.249215,
0.477458,0.602765,0.310797,0.0996124,0.148988,0.0766535,0.109234,0.509997,0.249215,
0.477458,0.602765,0.310797,0.0996124,0.148988,0.0766535,0.109234,0.509997,0.249215,
0.523749,0.642517,0.280871,0.118641,0.115672,0.0981799,0.0963956,0.531394,0.243391,
0.523749,0.642517,0.280871,0.118641,0.115672,0.0981799,0.0963956,0.531394,0.243391,
0.523749,0.642517,0.280871,0.118641,0.115672,0.0981799,0.0963956,0.531394,0.243391,
0.503412,0.649354,0.275372,0.128668,0.108609,0.103562,0.0847486,0.546082,0.274244,
0.503412,0.649354,0.275372,0.128668,0.108609,0.103562,0.0847486,0.546082,0.274244,
0.503412,0.649354,0.275372,0.128668,0.108609,0.103562,0.0847486,0.546082,0.274244,
0.499128,0.659405,0.290595,0.114135,0.110387,0.0950192,0.0960633,0.534507,0.24585,
0.499128,0.659405,0.290595,0.114135,0.110387,0.0950192,0.0960633,0.534507,0.24585,
0.517692,0.68948,0.284364,0.131709,0.107874,0.0842111,0.126521,0.544857,0.273774,
0.517692,0.68948,0.284364,0.131709,0.107874,0.0842111,0.126521,0.544857,0.273774,
0.517692,0.68948,0.284364,0.131709,0.107874,0.0842111,0.126521,0.544857,0.273774,
0.564054,0.663366,0.280091,0.138768,0.107439,0.0824282,0.12717,0.55015,0.257491,
0.522627,0.657979,0.277416,0.143754,0.144106,0.0969645,0.112354,0.536585,0.248318,
0.547447,0.678934,0.251867,0.115041,0.150995,0.111551,0.123803,0.528077,0.229378,
0.532409,0.695442,0.252127,0.114007,0.164075,0.119125,0.151247,0.516878,0.22681,
0.523365,0.707988,0.220483,0.129862,0.140005,0.121522,0.1549,0.545681,0.257809,
0.523365,0.707988,0.220483,0.129862,0.140005,0.121522,0.1549,0.545681,0.257809,
0.543516,0.666773,0.199338,0.122406,0.148865,0.0984031,0.142962,0.569687,0.269292,
0.543516,0.666773,0.199338,0.122406,0.148865,0.0984031,0.142962,0.569687,0.269292,
0.561112,0.672026,0.206843,0.128702,0.170184,0.0962448,0.137244,0.577454,0.284529,
0.563717,0.676129,0.187941,0.149628,0.166434,0.0995905,0.152427,0.57673,0.28446,
0.564017,0.673429,0.202505,0.142406,0.189435,0.0992054,0.126957,0.580468,0.282299,
0.566541,0.687256,0.223418,0.142459,0.172098,0.134526,0.116411,0.577091,0.301218,
0.566541,0.687256,0.223418,0.142459,0.172098,0.134526,0.116411,0.577091,0.301218,
0.566541,0.687256,0.223418,0.142459,0.172098,0.134526,0.116411,0.577091,0.301218,
0.547363,0.662887,0.207097,0.148881,0.180683,0.152208,0.143226,0.586765,0.310898,
0.499849,0.644587,0.209659,0.16191,0.16355,0.140918,0.172031,0.611298,0.30637,
0.48371,0.643581,0.200621,0.151835,0.189018,0.147808,0.141623,0.615124,0.256515,
0.48371,0.643581,0.200621,0.151835,0.189018,0.147808,0.141623,0.615124,0.256515,
0.48371,0.643581,0.200621,0.151835,0.189018,0.147808,0.141623,0.615124,0.256515,
0.48371,0.643581,0.200621,0.151835,0.189018,0.147808,0.141623,0.615124,0.256515,
0.48371,0.643581,0.200621,0.151835,0.189018,0.147808,0.141623,0.615124,0.256515,
0.466901,0.631084,0.219841,0.139546,0.164204,0.149093,0.144589,0.597561,0.269383,
0.47077,0.627004,0.229727,0.13967,0.167154,0.158312,0.137464,0.594784,0.219113,
0.47077,0.627004,0.229727,0.13967,0.167154,0.158312,0.137464,0.594784,0.219113,
0.47077,0.627004,0.229727,0.13967,0.167154,0.158312,0.137464,0.594784,0.219113,
0.47077,0.627004,0.229727,0.13967,0.167154,0.158312,0.137464,0.594784,0.219113,
0.420927,0.685869,0.257306,0.138952,0.187803,0.155689,0.143979,0.588553,0.209082,
0.430377,0.697932,0.222491,0.14645,0.188128,0.137815,0.151781,0.59303,0.216952,
0.404953,0.705756,0.225729,0.156444,0.171721,0.132708,0.1408,0.607633,0.198344,
0.436649,0.717753,0.229663,0.16657,0.148438,0.136744,0.117296,0.611245,0.188766,
0.436649,0.717753,0.229663,0.16657,0.148438,0.136744,0.117296,0.611245,0.188766,
0.4264,0.6991,0.214397,0.156821,0.164722,0.135299,0.110268,0.573034,0.238364,
0.4264,0.6991,0.214397,0.156821,0.164722,0.135299,0.110268,0.573034,0.238364,
0.4389,0.680742,0.232666,0.166025,0.133321,0.15608,0.115507,0.557496,0.230888,
0.4389,0.680742,0.232666,0.166025,0.133321,0.15608,0.115507,0.557496,0.230888,
0.4389,0.680742,0.232666,0.166025,0.133321,0.15608,0.115507,0.557496,0.230888,
0.4389,0.680742,0.232666,0.166025,0.133321,0.15608,0.115507,0.557496,0.230888,
0.4389,0.680742,0.232666,0.166025,0.133321,0.15608,0.115507,0.557496,0.230888,
0.450492,0.673696,0.229413,0.175881,0.125235,0.150314,0.128546,0.575917,0.228778,
0.450492,0.673696,0.229413,0.175881,0.125235,0.150314,0.128546,0.575917,0.228778,
0.473599,0.689813,0.219128,0.19223,0.132116,0.137196,0.154032,0.574969,0.231563,
0.473599,0.689813,0.219128,0.19223,0.132116,0.137196,0.154032,0.574969,0.231563,
0.473599,0.689813,0.219128,0.19223,0.132116,0.137196,0.154032,0.574969,0.231563,
0.47397,0.678333,0.221859,0.17306,0.139686,0.144,0.16054,0.575587,0.22332,
0.432206,0.669611,0.233825,0.19094,0.150909,0.132961,0.160099,0.561806,0.228246,
0.451771,0.653806,0.236783,0.18439,0.168603,0.108334,0.147793,0.571126,0.197753,
0.460268,0.645572,0.258895,0.174873,0.16347,0.0902541,0.164312,0.542971,0.169081,
0.460268,0.645572,0.258895,0.174873,0.16347,0.0902541,0.164312,0.542971,0.169081,
0.460268,0.645572,0.258895,0.174873,0.16347,0.0902541,0.164312,0.542971,0.169081,
0.460268,0.645572,0.258895,0.174873,0.16347,0.0902541,0.164312,0.542971,0.169081,
0.444652,0.66699,0.236659,0.184949,0.178026,0.100128,0.147378,0.558948,0.170076,
0.453437,0.686055,0.27287,0.204741,0.174459,0.119412,0.141943,0.527103,0.196731,
0.453437,0.686055,0.27287,0.204741,0.174459,0.119412,0.141943,0.527103,0.196731,
0.453437,0.686055,0.27287,0.204741,0.174459,0.119412,0.141943,0.527103,0.196731,
0.442478,0.657404,0.268033,0.181831,0.182518,0.104695,0.155953,0.526629,0.205952,
0.442478,0.657404,0.268033,0.181831,0.182518,0.104695,0.155953,0.526629,0.205952,
0.451176,0.668773,0.266875,0.171205,0.185932,0.0962542,0.182238,0.514886,0.227226,
0.463877,0.687157,0.269438,0.191903,0.168192,0.112248,0.195085,0.491021,0.216031,
0.512433,0.673709,0.293048,0.187004,0.182169,0.1066,0.196631,0.508475,0.209884,
0.512433,0.673709,0.293048,0.187004,0.182169,0.1066,0.196631,0.508475,0.209884,
0.512433,0.673709,0.293048,0.187004,0.182169,0.1066,0.196631,0.508475,0.209884,
0.512433,0.673709,0.293048,0.187004,0.182169,0.1066,0.196631,0.508475,0.209884,
0.519853,0.691851,0.284594,0.16908,0.191069,0.0904024,0.193633,0.507168,0.208005,
0.501894,0.681746,0.2944,0.150161,0.194968,0.103118,0.171963,0.510935,0.212236,
0.501894,0.681746,0.2944,0.150161,0.194968,0.103118,0.171963,0.510935,0.212236,
0.479492,0.67784,0.290428,0.17558,0.186623,0.100551,0.146684,0.496244,0.20996,
0.527406,0.67464,0.266581,0.179525,0.189175,0.115544,0.139461,0.472183,0.208071,
0.527406,0.67464,0.266581,0.179525,0.189175,0.115544,0.139461,0.472183,0.208071,
0.507213,0.679134,0.25218,0.189194,0.183176,0.117567,0.132495,0.481096,0.229265,
0.501696,0.675511,0.274918,0.175812,0.1908,0.0981427,0.1164,0.487661,0.250903,
0.501696,0.675511,0.274918,0.175812,0.1908,0.0981427,0.1164,0.487661,0.250903,
0.501696,0.675511,0.274918,0.175812,0.1908,0.0981427,0.1164,0.487661,0.250903,
0.509998,0.694753,0.256053,0.203843,0.213902,0.130209,0.128132,0.471158,0.277798,
0.509998,0.694753,0.256053,0.203843,0.213902,0.130209,0.128132,0.471158,0.277798,
0.535368,0.699091,0.253543,0.194252,0.204434,0.130664,0.0924532,0.481884,0.282868,
0.524196,0.703446,0.230809,0.187335,0.212946,0.115621,0.0769802,0.477768,0.259676,
0.518607,0.699648,0.23593,0.169515,0.210997,0.0895262,0.0775787,0.507217,0.292903,
0.518607,0.699648,0.23593,0.169515,0.210997,0.0895262,0.0775787,0.507217,0.292903,
0.471434,0.717729,0.235815,0.195326,0.214801,0.0938182,0.0780089,0.522456,0.313366,
0.471434,0.717729,0.235815,0.195326,0.214801,0.0938182,0.0780089,0.522456,0.313366,
0.471434,0.717729,0.235815,0.195326,0.214801,0.0938182,0.0780089,0.522456,0.313366,
0.471434,0.717729,0.235815,0.195326,0.214801,0.0938182,0.0780089,0.522456,0.313366,
0.467312,0.738006,0.210235,0.18441,0.214187,0.0975731,0.0944401,0.548464,0.323651,
0.467312,0.738006,0.210235,0.18441,0.214187,0.0975731,0.0944401,0.548464,0.323651,
0.467312,0.738006,0.210235,0.18441,0.214187,0.0975731,0.0944401,0.548464,0.323651,
0.492939,0.753186,0.206711,0.185899,0.19351,0.107673,0.111828,0.548687,0.286146,
0.505407,0.713932,0.246847,0.175005,0.182144,0.123601,0.102647,0.542392,0.32711,
0.484894,0.727493,0.262161,0.175352,0.188057,0.123131,0.114442,0.507958,0.342045,
0.440698,0.72585,0.265818,0.169156,0.206722,0.125835,0.125627,0.490762,0.347752,
0.440698,0.72585,0.265818,0.169156,0.206722,0.125835,0.125627,0.490762,0.347752,
0.440902,0.724638,0.268854,0.165556,0.188775,0.140957,0.127941,0.465493,0.341878,
0.4121,0.726764,0.250874,0.156125,0.213361,0.131027,0.118009,0.456221,0.313469,
0.4121,0.726764,0.250874,0.156125,0.213361,0.131027,0.118009,0.456221,0.313469,
0.4121,0.726764,0.250874,0.156125,0.213361,0.131027,0.118009,0.456221,0.313469,
0.403731,0.73505,0.216325,0.157126,0.205318,0.134018,0.125848,0.502949,0.306507,
0.386787,0.723627,0.219186,0.159695,0.189578,0.152194,0.141483,0.520796,0.322184,
0.383155,0.705125,0.240119,0.157055,0.182582,0.162377,0.115979,0.527652,0.312107,
0.398044,0.659239,0.213986,0.191923,0.173864,0.165023,0.132833,0.530086,0.277665,
0.431608,0.66266,0.21626,0.172487,0.188706,0.175864,0.113124,0.532886,0.258912,
0.436704,0.646769,0.224894,0.158943,0.21395,0.163274,0.131775,0.531511,0.283533,
0.436704,0.646769,0.224894,0.158943,0.21395,0.163274,0.131775,0.531511,0.283533,
0.436704,0.646769,0.224894,0.158943,0.21395,0.163274,0.131775,0.531511,0.283533,
0.424229,0.629955,0.238175,0.144525,0.202248,0.167164,0.095406,0.559689,0.256972,
0.405968,0.607848,0.212932,0.135492,0.201664,0.168974,0.126432,0.528718,0.251622,
0.405968,0.607848,0.212932,0.135492,0.201664,0.168974,0.126432,0.528718,0.251622,
0.424953,0.574802,0.221672,0.142215,0.196916,0.158745,0.144907,0.529442,0.218631,
0.424953,0.574802,0.221672,0.142215,0.196916,0.158745,0.144907,0.529442,0.218631,
0.424953,0.574802,0.221672,0.142215,0.196916,0.158745,0.144907,0.529442,0.218631,
0.424953,0.574802,0.221672,0.142215,0.196916,0.158745,0.144907,0.529442,0.218631,
0.401971,0.609701,0.220141,0.156284,0.170525,0.153287,0.157235,0.549837,0.264824,
0.401971,0.609701,0.220141,0.156284,0.170525,0.153287,0.157235,0.549837,0.264824,
0.384355,0.609802,0.249084,0.146238,0.164085,0.145517,0.137957,0.558565,0.283965,
0.384355,0.609802,0.249084,0.146238,0.164085,0.145517,0.137957,0.558565,0.283965,
0.418816,0.606222,0.2678,0.144775,0.158654,0.136869,0.132163,0.604244,0.293436,
0.426024,0.607162,0.254525,0.15291,0.19531,0.116864,0.139667,0.592748,0.31854,
0.414751,0.579642,0.274411,0.172416,0.174461,0.100484,0.142372,0.553254,0.323523,
0.439955,0.596174,0.272155,0.187876,0.184125,0.102257,0.125824,0.576167,0.295286,
0.452985,0.61875,0.247399,0.182573,0.167588,0.125047,0.127778,0.568448,0.275231,
0.45995,0.645283,0.274038,0.206621,0.179287,0.125521,0.110089,0.550999,0.290789,
0.408741,0.651645,0.303095,0.199048,0.168144,0.111538,0.110628,0.563198,0.284953,
0.394834,0.687013,0.3139,0.203453,0.168974,0.10995,0.0896786,0.567947,0.276258,
0.390635,0.698403,0.283975,0.188481,0.164583,0.119767,0.0937331,0.565554,0.267223,
0.390635,0.698403,0.283975,0.188481,0.164583,0.119767,0.0937331,0.565554,0.267223,
0.390635,0.698403,0.283975,0.188481,0.164583,0.119767,0.0937331,0.565554,0.267223,
0.390635,0.698403,0.283975,0.188481,0.164583,0.119767,0.0937331,0.565554,0.267223,
0.390635,0.698403,0.283975,0.188481,0.164583,0.119767,0.0937331,0.565554,0.267223,
0.390635,0.698403,0.283975,0.188481,0.164583,0.119767,0.0937331,0.565554,0.267223,
0.428301,0.703994,0.267248,0.177715,0.163458,0.136824,0.119516,0.557258,0.29803,
0.44418,0.716466,0.29908,0.165307,0.171735,0.12564,0.114901,0.571988,0.292928,
0.428671,0.736099,0.291509,0.183086,0.158355,0.118232,0.110415,0.594393,0.29351,
0.428671,0.736099,0.291509,0.183086,0.158355,0.118232,0.110415,0.594393,0.29351,
0.46264,0.715318,0.282431,0.134545,0.173537,0.128817,0.0955029,0.595512,0.263096,
0.486157,0.70098,0.282152,0.140937,0.154027,0.133049,0.095674,0.574443,0.261215,
0.486157,0.70098,0.282152,0.140937,0.154027,0.133049,0.095674,0.574443,0.261215,
0.502845,0.690517,0.32515,0.141629,0.160649,0.111429,0.0982,0.557832,0.253267,
0.482856,0.705303,0.334668,0.130991,0.14144,0.0925217,0.108615,0.581136,0.24785,
0.457713,0.69243,0.327054,0.139823,0.122907,0.109271,0.114144,0.606739,0.249417,
0.457713,0.69243,0.327054,0.139823,0.122907,0.109271,0.114144,0.606739,0.249417,
0.457713,0.69243,0.327054,0.139823,0.122907,0.109271,0.114144,0.606739,0.249417,
0.489891,0.723631,0.343767,0.133493,0.132084,0.0980197,0.131876,0.56886,0.235029,
0.489891,0.723631,0.343767,0.133493,0.132084,0.0980197,0.131876,0.56886,0.235029,
0.489891,0.723631,0.343767,0.133493,0.132084,0.0980197,0.131876,0.56886,0.235029,
0.496027,0.751122,0.359528,0.127219,0.121756,0.101501,0.116321,0.533334,0.268626,
0.496653,0.720318,0.350876,0.152482,0.115511,0.0986507,0.129055,0.543653,0.247937,
0.497348,0.704354,0.307413,0.180831,0.109915,0.0942428,0.101439,0.545769,0.269857,
0.481185,0.679424,0.298221,0.19099,0.125047,0.0684797,0.0895508,0.534789,0.270254,
0.496926,0.662205,0.278651,0.184928,0.135026,0.0682917,0.113074,0.533473,0.231495,
0.496926,0.662205,0.278651,0.184928,0.135026,0.0682917,0.113074,0.533473,0.231495,
0.496926,0.662205,0.278651,0.184928,0.135026,0.0682917,0.113074,0.533473,0.231495,
0.485036,0.641565,0.276025,0.17852,0.136004,0.0585235,0.114189,0.514603,0.241052,
0.485036,0.641565,0.276025,0.17852,0.136004,0.0585235,0.114189,0.514603,0.241052,
0.485036,0.641565,0.276025,0.17852,0.136004,0.0585235,0.114189,0.514603,0.241052,
0.485036,0.641565,0.276025,0.17852,0.136004,0.0585235,0.114189,0.514603,0.241052,
0.425166,0.642275,0.271559,0.167627,0.141119,0.0572523,0.126203,0.52791,0.264118,
0.440263,0.631714,0.288867,0.185434,0.130337,0.0632092,0.140122,0.507032,0.28587,
0.440263,0.631714,0.288867,0.185434,0.130337,0.0632092,0.140122,0.507032,0.28587,
0.440263,0.631714,0.288867,0.185434,0.130337,0.0632092,0.140122,0.507032,0.28587,
0.440263,0.631714,0.288867,0.185434,0.130337,0.0632092,0.140122,0.507032,0.28587,
0.46262,0.642829,0.249061,0.18885,0.124431,0.0629917,0.144721,0.510716,0.267948,
0.501639,0.665444,0.235896,0.194047,0.145179,0.0556405,0.165635,0.490686,0.249894,
0.469319,0.674286,0.23628,0.193843,0.135862,0.0565765,0.142471,0.497074,0.272467,
0.47654,0.654925,0.232799,0.200211,0.138693,0.0637312,0.147603,0.50462,0.255772,
0.47654,0.654925,0.232799,0.200211,0.138693,0.0637312,0.147603,0.50462,0.255772,
0.454549,0.701219,0.246137,0.18941,0.160927,0.0718635,0.151967,0.504576,0.253059,
0.454549,0.701219,0.246137,0.18941,0.160927,0.0718635,0.151967,0.504576,0.253059,
0.456973,0.663658,0.254842,0.176089,0.180639,0.0757784,0.153048,0.554111,0.255549,
0.456973,0.663658,0.254842,0.176089,0.180639,0.0757784,0.153048,0.554111,0.255549,
0.44267,0.644842,0.242131,0.188668,0.170725,0.0805042,0.142329,0.570453,0.212428,
0.44267,0.644842,0.242131,0.188668,0.170725,0.0805042,0.142329,0.570453,0.212428,
0.44267,0.644842,0.242131,0.188668,0.170725,0.0805042,0.142329,0.570453,0.212428,
0.4096,0.656102,0.237013,0.154558,0.179728,0.0873528,0.128634,0.562942,0.228556,
0.4096,0.656102,0.237013,0.154558,0.179728,0.0873528,0.128634,0.562942,0.228556,
0.4096,0.656102,0.237013,0.154558,0.179728,0.0873528,0.128634,0.562942,0.228556,
0.4096,0.656102,0.237013,0.154558,0.179728,0.0873528,0.128634,0.562942,0.228556,
0.4096,0.656102,0.237013,0.154558,0.179728,0.0873528,0.128634,0.562942,0.228556,
0.4096,0.656102,0.237013,0.154558,0.179728,0.0873528,0.128634,0.562942,0.228556,